Workbook

Sheet Portfolio Details
G2: Investment | H2: 100000
B3: Asset Allocation | G3: Date | H3: 44599
B4: Asset | C4: Returns ( E ) | D4: Allocation | E4: Std Dev | G4: Instrument | H4: Weightage | I4: Rate | J4: Units | L4: Absolute Returns (%) | M4: =J25/J13-1 -> 1.1802538
B5: Goldbees | C5: =0.7*Info!D3 -> 0.1776657 | D5: 0.2 | E5: =Info!F3 -> 0.17598315 | G5: Goldbees | H5: 0.2 | I5: 41.63 | J5: 480
B6: Silverbees | C6: =0.55*Info!D4 -> 0.20437599 | D6: 0.05 | E6: =Info!F4 -> 0.3347856 | G6: Silverbees | H6: 0.05 | I6: 61.77 | J6: 80 | L6: CAGR (%) | M6: =(1+M4)^(1/4)-1 -> 0.21514124
B7: Giltbees | C7: =Info!D6 -> 0.058325041 | D7: 0.05 | E7: =Info!F6 -> 0.045040009 | G7: Giltbees | H7: 0.05 | I7: 49.12 | J7: 101
B8: Bankbees | C8: =Info!D7 -> 0.10374126 | D8: 0.2 | E8: =Info!F7 -> 0.15734723 | G8: Bankbees | H8: 0.2 | I8: 383.06 | J8: 52
B9: Hangseng | C9: =Info!D11 -> 0.087918962 | D9: 0.15772307 | E9: =Info!F11 -> 0.26470009 | G9: Hangseng | H9: 0.15772307 | I9: 309.6 | J9: 50
B10: Nasdaq | C10: =0.7*Info!D12 -> 0.18183297 | D10: 0.092276932 | E10: =Info!F12 -> 0.20819876 | G10: Nasdaq | H10: 0.092276932 | I10: 104.29 | J10: 88
B11: Itbees | C11: =Info!C8 -> 0.061413951 | D11: 0.05 | E11: =Info!F8 -> 0.20562586 | G11: Itbees | H11: 0.05 | I11: 35.69 | J11: 140
B12: Healthy | C12: =Info!D9 -> 0.13433511 | D12: 0.2 | E12: =Info!F9 -> 0.14471859 | G12: Healthy | H12: 0.2 | I12: 8.37 | J12: 2389
B13: Total | D13: =SUM(D5:D12) -> 1 | I13: Total | J13: 99454.29
B14: Portfolio Return (e) | C14: =C5*D5+C6*D6+C7*D7+C8*D8+C9*D9+C10*D10+C11*D11+C12*D12 -> 0.13
B15: Portfolio Risk | C15: =Covariance!I15 -> 0.099778246 | G15: Date | H15: 46167
B16: Sharpe Ratio | C16: =(C14-6%)/C15 -> 0.70155573 | G16: Instrument | H16: Weightage | I16: Rate | J16: Units
B17: Beta | C17: ='Portfolio Returns'!I9 -> 0.19744577 | G17: Goldbees | H17: 0.2 | I17: 130.51 | J17: 480
B18: Average Annualized Rolling Return (e) | C18: ='Portfolio Returns'!I10*12 -> 0.16944975 | G18: Silverbees | H18: 0.05 | I18: 256.03 | J18: 80
G19: Giltbees | H19: 0.05 | I19: 49.12 | J19: 101
B20: Max Drawdown | C20: ='Portfolio Returns'!F1029 -> -0.11270683 | G20: Bankbees | H20: 0.2 | I20: 571.02 | J20: 52
G21: Hangseng | H21: 0.15772307 | I21: 536.43 | J21: 50
G22: Nasdaq | H22: 0.092276932 | I22: 330.7 | J22: 88
G23: Itbees | H23: 0.05 | I23: 32.15 | J23: 140
G24: Healthy | H24: 0.2 | I24: 16.17 | J24: 2389
I25: Total | J25: 216835.59

Sheet Info
C2: Average Annual Returns% | D2: CAGR (%) | E2: Risk Daily | F2: Risk Annual
B3: GOLDBEES | C3: =Goldbees!$M$6 -> 0.24493942 | D3: =Goldbees!$M$8 -> 0.25380814 | E3: =Goldbees!$M$10 -> 0.011085896 | F3: =SQRT(252)*E3 -> 0.17598315
B4: SILVERBEES | C4: =Silverbees!$M$6 -> 0.39583379 | D4: =Silverbees!$M$8 -> 0.37159271 | E4: =Silverbees!$M$10 -> 0.021089511 | F4: =SQRT(252)*E4 -> 0.3347856
B5: AUTOBEES | C5: =Autobees!$P$6 -> 0.21729515 | D5: =Autobees!$P$8 -> 0.18581998 | E5: =Autobees!$P$10 -> 0.011694926 | F5: =SQRT(252)*E5 -> 0.18565119
B6: GILTBEES | C6: =Giltbees!$M$6 -> 0.059133958 | D6: =Giltbees!$M$8 -> 0.058325041 | E6: =Giltbees!$M$10 -> 0.0028372539 | F6: =SQRT(252)*E6 -> 0.045040009
B7: BANKBEES | C7: =Bankbees!$M$6 -> 0.1113408 | D7: =Bankbees!$M$8 -> 0.10374126 | E7: =Bankbees!$M$10 -> 0.0099119438 | F7: =SQRT(252)*E7 -> 0.15734723
B8: ITBEES | C8: =ITbees!$M$6 -> 0.061413951 | D8: =ITbees!$M$8 -> 0.038627621 | E8: =ITbees!$M$10 -> 0.012953212 | F8: =SQRT(252)*E8 -> 0.20562586
B9: HEALTHY | C9: =Healthy!$M$6 -> 0.14709971 | D9: =Healthy!$M$8 -> 0.13433511 | E9: =Healthy!$M$10 -> 0.009116414 | F9: =SQRT(252)*E9 -> 0.14471859
B10: COMMODITY | C10: =Commodity!$M$6 -> 0.17643207 | D10: =Commodity!$M$8 -> 0.16683458 | E10: =Commodity!$M$10 -> 0.010388264 | F10: =SQRT(252)*E10 -> 0.16490858
B11: HANGSENGBEES | C11: =Hangseng!$M$6 -> 0.12042584 | D11: =Hangseng!$M$8 -> 0.087918962 | E11: =Hangseng!$M$10 -> 0.016674539 | F11: =SQRT(252)*E11 -> 0.26470009
B12: NASDAQ | C12: =Nasdaq!$M$6 -> 0.26644675 | D12: =Nasdaq!$M$8 -> 0.25976138 | E12: =Nasdaq!$M$10 -> 0.013115289 | F12: =SQRT(252)*E12 -> 0.20819876

Sheet Correlation
C2: GOLDBEES | D2: SILVERBEES | E2: AUTOBEES | F2: GILTBEES | G2: BANKBEES | H2: ITBEES | I2: HEALTHY | J2: COMMODITY | K2: HANGSENGBEES | L2: NASDAQ
B3: GOLDBEES | C3: 1 | D3: =CORREL(Goldbees!H179:H1242,Silverbees!H2:H1065) -> 0.80411704 | E3: =CORREL(Goldbees!H171:H1242,Autobees!H2:H1073) -> 0.039170073 | F3: =CORREL(Goldbees!H2:H1239,Giltbees!H2:H1239) -> 0.01361839 | G3: =CORREL(Goldbees!H2:H1242,Bankbees!H2:H1242) -> 0.055789323 | H3: =CORREL(Goldbees!H2:H1242,ITbees!H2:H1242) -> 0.013916586 | I3: =CORREL(Goldbees!H110:H1242,Healthy!H2:H1134) -> 0.027608071 | J3: =CORREL(Goldbees!H396:H1242,Commodity!H2:H848) -> 0.17841456 | K3: =CORREL(Goldbees!H2:H1242,Hangseng!H2:H1242) -> 0.15453216 | L3: =CORREL(Goldbees!H20:H1242,Nasdaq!H2:H1224) -> 0.089795716
B4: SILVERBEES | C4: =D$3 -> 0.80411704 | D4: 1 | E4: =CORREL(Silverbees!H2:H1065,Autobees!H10:H1073) -> 0.10924088 | F4: =CORREL(Silverbees!H2:H1065,Giltbees!H176:H1239) -> 0.0025663643 | G4: =CORREL(Silverbees!H2:H1065,Bankbees!H179:H1242) -> 0.14601604 | H4: =CORREL(Silverbees!H2:H1065,ITbees!H179:H1242) -> 0.11151837 | I4: =CORREL(Silverbees!H2:H1065,Healthy!H71:H1134) -> 0.088590727 | J4: =CORREL(Silverbees!H219:H1065,Commodity!H2:H848) -> 0.23268892 | K4: =CORREL(Silverbees!H2:H1065,Hangseng!H179:H1242) -> 0.24254293 | L4: =CORREL(Silverbees!H2:H1065,Nasdaq!H179:H1242) -> 0.0091920551
B5: AUTOBEES | C5: =E$3 -> 0.039170073 | D5: =E4 -> 0.10924088 | E5: 1 | F5: =CORREL(Autobees!H2:H1073,Giltbees!H168:H1239) -> 0.063627916 | G5: =CORREL(Autobees!H2:H1073,Bankbees!H171:H1242) -> 0.61377168 | H5: =CORREL(Autobees!H2:H1073,ITbees!H171:H1242) -> 0.35042079 | I5: =CORREL(Autobees!H2:H1073,Healthy!H63:H1134) -> 0.48185375 | J5: =CORREL(Autobees!H227:H1073,Commodity!H2:H848) -> 0.62713817 | K5: =CORREL(Autobees!H2:H1073,Hangseng!H171:H1242) -> 0.16096424 | L5: =CORREL(Autobees!H2:H1073,Nasdaq!H171:H1242) -> 0.036726218
B6: GILTBEES | C6: =F$3 -> 0.01361839 | D6: =F4 -> 0.0025663643 | E6: =F5 -> 0.063627916 | F6: 1 | G6: =CORREL(Giltbees!H2:H1242,Bankbees!H2:H1242) -> 0.018176665 | H6: =CORREL(Giltbees!H2:H1242,ITbees!H2:H1242) -> -0.008605414 | I6: =CORREL(Giltbees!H107:H1239,Healthy!H2:H1134) -> 0.011692671 | J6: =CORREL(Giltbees!H393:H1239,Commodity!H2:H848) -> 0.12143294 | K6: =CORREL(Giltbees!H2:H1239,Hangseng!H2:H1239) -> 0.068310588 | L6: =CORREL(Giltbees!H2:H1239,Nasdaq!H2:H1239) -> -0.032833086
B7: BANKBEES | C7: =G$3 -> 0.055789323 | D7: =G4 -> 0.14601604 | E7: =G5 -> 0.61377168 | F7: =G6 -> 0.018176665 | G7: 1 | H7: =CORREL(Bankbees!H2:H1242,ITbees!H2:H1242) -> 0.34825987 | I7: =CORREL(Bankbees!H110:H1242,Healthy!H2:H1134) -> 0.37353774 | J7: =CORREL(Bankbees!H396:H1242,Commodity!H2:H848) -> 0.63347751 | K7: =CORREL(Bankbees!H2:H1242,Hangseng!H2:H1242) -> 0.18039668 | L7: =CORREL(Bankbees!H2:H1242,Nasdaq!H2:H1242) -> 0.004645203
B8: ITBEES | C8: =H$3 -> 0.013916586 | D8: =H4 -> 0.11151837 | E8: =H5 -> 0.35042079 | F8: =H6 -> -0.008605414 | G8: =H7 -> 0.34825987 | H8: 1 | I8: =CORREL(ITbees!H110:H1242,Healthy!H2:H1134) -> 0.36172567 | J8: =CORREL(ITbees!H396:H1242,Commodity!H2:H848) -> 0.30615896 | K8: =CORREL(ITbees!H2:H1242,Hangseng!H2:H1242) -> 0.15116711 | L8: =CORREL(ITbees!H2:H1242,Nasdaq!H2:H1242) -> 0.040528798
B9: HEALTHY | C9: =I$3 -> 0.027608071 | D9: =I4 -> 0.088590727 | E9: =I5 -> 0.48185375 | F9: =I6 -> 0.011692671 | G9: =I7 -> 0.37353774 | H9: =I8 -> 0.36172567 | I9: 1 | J9: =CORREL(Healthy!H288:H1134,Commodity!H2:H848) -> 0.46510468 | K9: =CORREL(Healthy!H2:H1134,Hangseng!H110:H1242) -> 0.11565331 | L9: =CORREL(Healthy!H2:H1134,Nasdaq!H110:H1242) -> 0.038727798
B10: COMMODITY | C10: =J$3 -> 0.17841456 | D10: =J4 -> 0.23268892 | E10: =J5 -> 0.62713817 | F10: =J6 -> 0.12143294 | G10: =J7 -> 0.63347751 | H10: =J8 -> 0.30615896 | I10: =J9 -> 0.46510468 | J10: 1 | K10: =CORREL(Commodity!H2:H848,Hangseng!H396:H1242) -> 0.24095058 | L10: =CORREL(Commodity!H2:H848,Nasdaq!H396:H1242) -> 0.053573522
B11: HANGSENGBEES | C11: =K$3 -> 0.15453216 | D11: =K4 -> 0.24254293 | E11: =K5 -> 0.16096424 | F11: =K6 -> 0.068310588 | G11: =K7 -> 0.18039668 | H11: =K8 -> 0.15116711 | I11: =K9 -> 0.11565331 | J11: =K10 -> 0.24095058 | K11: 1 | L11: =CORREL(Hangseng!H2:H1242,Nasdaq!H2:H1242) -> 0.0033080838
B12: NASDAQ | C12: =L$3 -> 0.089795716 | D12: =L4 -> 0.0091920551 | E12: =L5 -> 0.036726218 | F12: =L6 -> -0.032833086 | G12: =L7 -> 0.004645203 | H12: =L8 -> 0.040528798 | I12: =L9 -> 0.038727798 | J12: =L10 -> 0.053573522 | K12: =L11 -> 0.0033080838 | L12: 1

Sheet Covariance
C3: Goldbees | D3: Silverbees | E3: Giltbees | F3: Bankbees | G3: Hangseng | H3: Nasdaq | I3: Itbees | J3: Healthy
B4: Goldbees | C4: ='Portfolio Details'!E5*'Portfolio Details'!E5*Correlation!C3 -> 0.030970068 | D4: ='Portfolio Details'!E5*'Portfolio Details'!E6*Correlation!D3 -> 0.047375862 | E4: ='Portfolio Details'!E5*'Portfolio Details'!E7*Correlation!F3 -> 0.00010794321 | F4: ='Portfolio Details'!E5*'Portfolio Details'!E8*Correlation!G3 -> 0.0015448321 | G4: ='Portfolio Details'!E5*'Portfolio Details'!E9*Correlation!K3 -> 0.007198534 | H4: ='Portfolio Details'!E5*'Portfolio Details'!E10*Correlation!L3 -> 0.0032900677 | I4: ='Portfolio Details'!E5*'Portfolio Details'!E11*Correlation!H3 -> 0.00050359514 | J4: ='Portfolio Details'!E5*'Portfolio Details'!E12*Correlation!I3 -> 0.00070312324
B5: Silverbees | C5: =D4 -> 0.047375862 | D5: ='Portfolio Details'!E6*'Portfolio Details'!E6*Correlation!D4 -> 0.1120814 | E5: ='Portfolio Details'!E6*'Portfolio Details'!E7*Correlation!F4 -> 3.8697557e-05 | F5: ='Portfolio Details'!E6*'Portfolio Details'!E8*Correlation!G4 -> 0.0076917727 | G5: ='Portfolio Details'!E6*'Portfolio Details'!E9*Correlation!K4 -> 0.021493616 | H5: ='Portfolio Details'!E6*'Portfolio Details'!E10*Correlation!L4 -> 0.00064070413 | I5: ='Portfolio Details'!E6*'Portfolio Details'!E11*Correlation!H4 -> 0.0076769886 | J5: ='Portfolio Details'!E5*'Portfolio Details'!E12*Correlation!I4 -> 0.0022562315
B6: Giltbees | C6: =E4 -> 0.00010794321 | D6: =E5 -> 3.8697557e-05 | E6: ='Portfolio Details'!E7*'Portfolio Details'!E7*Correlation!F6 -> 0.0020286024 | F6: ='Portfolio Details'!E7*'Portfolio Details'!E8*Correlation!G6 -> 0.00012881658 | G6: ='Portfolio Details'!E7*'Portfolio Details'!E9*Correlation!K6 -> 0.00081440529 | H6: ='Portfolio Details'!E7*'Portfolio Details'!E10*Correlation!L6 -> -0.00030788484 | I6: ='Portfolio Details'!E7*'Portfolio Details'!E11*Correlation!H6 -> -7.9698099e-05 | J6: ='Portfolio Details'!E7*'Portfolio Details'!E12*Correlation!I6 -> 7.6214306e-05
B7: Bankbees | C7: =F4 -> 0.0015448321 | D7: =F5 -> 0.0076917727 | E7: =F6 -> 0.00012881658 | F7: ='Portfolio Details'!E8*'Portfolio Details'!E8*Correlation!G7 -> 0.024758151 | G7: ='Portfolio Details'!E8*'Portfolio Details'!E9*Correlation!K7 -> 0.0075134905 | H7: ='Portfolio Details'!E8*'Portfolio Details'!E10*Correlation!L7 -> 0.00015217451 | I7: ='Portfolio Details'!E8*'Portfolio Details'!E11*Correlation!H7 -> 0.011267829 | J7: ='Portfolio Details'!E8*'Portfolio Details'!E12*Correlation!I7 -> 0.0085058535
B8: Hangseng | C8: =G4 -> 0.007198534 | D8: =G5 -> 0.021493616 | E8: =G6 -> 0.00081440529 | F8: =G7 -> 0.0075134905 | G8: ='Portfolio Details'!E9*'Portfolio Details'!E9*Correlation!K11 -> 0.07006614 | H8: ='Portfolio Details'!E9*'Portfolio Details'!E10*Correlation!L11 -> 0.00018230926 | I8: ='Portfolio Details'!E9*'Portfolio Details'!E11*Correlation!H11 -> 0.0082279024 | J8: ='Portfolio Details'!E9*'Portfolio Details'!E12*Correlation!I11 -> 0.0044303339
B9: Nasdaq | C9: =H4 -> 0.0032900677 | D9: =H5 -> 0.00064070413 | E9: =H6 -> -0.00030788484 | F9: =H7 -> 0.00015217451 | G9: =H8 -> 0.00018230926 | H9: ='Portfolio Details'!E10*'Portfolio Details'!E10*Correlation!L12 -> 0.043346722 | I9: ='Portfolio Details'!E10*'Portfolio Details'!E11*Correlation!H12 -> 0.0017350803 | J9: ='Portfolio Details'!E10*'Portfolio Details'!E12*Correlation!I12 -> 0.0011668774
B10: Itbees | C10: =I4 -> 0.00050359514 | D10: =I5 -> 0.0076769886 | E10: =I6 -> -7.9698099e-05 | F10: =I7 -> 0.011267829 | G10: =I8 -> 0.0082279024 | H10: =I9 -> 0.0017350803 | I10: ='Portfolio Details'!E11*'Portfolio Details'!E11*1 -> 0.042281993 | J10: ='Portfolio Details'!E11*'Portfolio Details'!E12*Correlation!I8 -> 0.01076419
B11: Healthy | C11: =J4 -> 0.00070312324 | D11: =J5 -> 0.0022562315 | E11: =J6 -> 7.6214306e-05 | F11: =J7 -> 0.0085058535 | G11: =J8 -> 0.0044303339 | H11: =J9 -> 0.0011668774 | I11: =J10 -> 0.01076419 | J11: ='Portfolio Details'!E12*'Portfolio Details'!E12*Correlation!I9 -> 0.020943469
I15: {=SQRT(SUM(MMULT(MMULT(TRANSPOSE('Portfolio Details'!D5:D12),Covariance!C4:J11),'Portfolio Details'!D5:D12)))} -> 0.099778246

Sheet Goldbees
B1: Symbol | C1: Date | D1: Prev Close | E1: Close Price | F1: Average Price | H1: Daily Returns% | I1: Weighted Returns | J1: Rolling Returns | K1: Weighted Rolling Returns
B2: GOLDBEES | C2: 44341 | D2: 42.2 | E2: 42.12 | F2: 42.14 | H2: =E2/D2-1 -> -0.0018957346 | I2: =H2*'Portfolio Details'!$D$5 -> -0.00037914692 | L2: Average daily return % | M2: =AVERAGE(H2:H1242) -> 0.00097198184
B3: GOLDBEES | C3: 44342 | D3: 42.12 | E3: 42.64 | F3: 42.56 | H3: =E3/D3-1 -> 0.012345679 | I3: =H3*'Portfolio Details'!$D$5 -> 0.0024691358
B4: GOLDBEES | C4: 44343 | D4: 42.64 | E4: 42.39 | F4: 42.44 | H4: =E4/D4-1 -> -0.0058630394 | I4: =H4*'Portfolio Details'!$D$5 -> -0.0011726079 | L4: Average Monthly return % | M4: =M2*20 -> 0.019439637
B5: GOLDBEES | C5: 44344 | D5: 42.39 | E5: 42.22 | F5: 42.2 | H5: =E5/D5-1 -> -0.0040103798 | I5: =H5*'Portfolio Details'!$D$5 -> -0.00080207596
B6: GOLDBEES | C6: 44347 | D6: 42.22 | E6: 42.59 | F6: 42.49 | H6: =E6/D6-1 -> 0.0087636191 | I6: =H6*'Portfolio Details'!$D$5 -> 0.0017527238 | L6: Average annual return % | M6: =M2*252 -> 0.24493942
B7: GOLDBEES | C7: 44348 | D7: 42.59 | E7: 42.83 | F7: 42.82 | H7: =E7/D7-1 -> 0.0056351256 | I7: =H7*'Portfolio Details'!$D$5 -> 0.0011270251
B8: GOLDBEES | C8: 44349 | D8: 42.83 | E8: 42.57 | F8: 42.65 | H8: =E8/D8-1 -> -0.0060705113 | I8: =H8*'Portfolio Details'!$D$5 -> -0.0012141023 | L8: CAGR% | M8: =(1+(E1242/E2-1))^(1/5)-1 -> 0.25380814
B9: GOLDBEES | C9: 44350 | D9: 42.57 | E9: 42.51 | F9: 42.63 | H9: =E9/D9-1 -> -0.0014094433 | I9: =H9*'Portfolio Details'!$D$5 -> -0.00028188865
B10: GOLDBEES | C10: 44351 | D10: 42.51 | E10: 42.12 | F10: 42.07 | H10: =E10/D10-1 -> -0.0091743119 | I10: =H10*'Portfolio Details'!$D$5 -> -0.0018348624 | L10: Risk | M10: =_xlfn.STDEV.P(H2:H1242) -> 0.011085896
B11: GOLDBEES | C11: 44354 | D11: 42.12 | E11: 42.28 | F11: 42.26 | H11: =E11/D11-1 -> 0.0037986705 | I11: =H11*'Portfolio Details'!$D$5 -> 0.00075973409
B12: GOLDBEES | C12: 44355 | D12: 42.28 | E12: 42.41 | F12: 42.51 | H12: =E12/D12-1 -> 0.0030747398 | I12: =H12*'Portfolio Details'!$D$5 -> 0.00061494797
B13: GOLDBEES | C13: 44356 | D13: 42.41 | E13: 42.5 | F13: 42.49 | H13: =E13/D13-1 -> 0.002122141 | I13: =H13*'Portfolio Details'!$D$5 -> 0.0004244282
B14: GOLDBEES | C14: 44357 | D14: 42.5 | E14: 42.35 | F14: 42.37 | H14: =E14/D14-1 -> -0.0035294118 | I14: =H14*'Portfolio Details'!$D$5 -> -0.00070588235
B15: GOLDBEES | C15: 44358 | D15: 42.35 | E15: 42.63 | F15: 42.67 | H15: =E15/D15-1 -> 0.0066115702 | I15: =H15*'Portfolio Details'!$D$5 -> 0.001322314 | L15: =0.13^2 -> 0.0169
B16: GOLDBEES | C16: 44361 | D16: 42.63 | E16: 42.03 | F16: 42.05 | H16: =E16/D16-1 -> -0.014074595 | I16: =H16*'Portfolio Details'!$D$5 -> -0.0028149191
B17: GOLDBEES | C17: 44362 | D17: 42.03 | E17: 42.05 | F17: 42.05 | H17: =E17/D17-1 -> 0.00047585058 | I17: =H17*'Portfolio Details'!$D$5 -> 9.5170117e-05
B18: GOLDBEES | C18: 44363 | D18: 42.05 | E18: 42.09 | F18: 42.05 | H18: =E18/D18-1 -> 0.00095124851 | I18: =H18*'Portfolio Details'!$D$5 -> 0.0001902497
B19: GOLDBEES | C19: 44364 | D19: 42.09 | E19: 41.35 | F19: 41.38 | H19: =E19/D19-1 -> -0.017581373 | I19: =H19*'Portfolio Details'!$D$5 -> -0.0035162746
B20: GOLDBEES | C20: 44365 | D20: 41.35 | E20: 40.96 | F20: 40.95 | H20: =E20/D20-1 -> -0.0094316808 | I20: =H20*'Portfolio Details'!$D$5 -> -0.0018863362
B21: GOLDBEES | C21: 44368 | D21: 40.96 | E21: 40.95 | F21: 40.79 | H21: =E21/D21-1 -> -0.00024414062 | I21: =H21*'Portfolio Details'!$D$5 -> -4.8828125e-05
B22: GOLDBEES | C22: 44369 | D22: 40.95 | E22: 40.93 | F22: 40.93 | H22: =E22/D22-1 -> -0.00048840049 | I22: =H22*'Portfolio Details'!$D$5 -> -9.7680098e-05
B23: GOLDBEES | C23: 44370 | D23: 40.93 | E23: 41 | F23: 40.96 | H23: =E23/D23-1 -> 0.001710237 | I23: =H23*'Portfolio Details'!$D$5 -> 0.0003420474
B24: GOLDBEES | C24: 44371 | D24: 41 | E24: 40.9 | F24: 40.85 | H24: =E24/D24-1 -> -0.0024390244 | I24: =H24*'Portfolio Details'!$D$5 -> -0.00048780488
B25: GOLDBEES | C25: 44372 | D25: 40.9 | E25: 40.95 | F25: 40.88 | H25: =E25/D25-1 -> 0.0012224939 | I25: =H25*'Portfolio Details'!$D$5 -> 0.00024449878 | J25: =(INDEX(E2:E1500,MATCH(EDATE(C2,1),C2:C1500,1))/E2)-1 -> -0.027777778 | K25: =J25*'Portfolio Details'!$D$5 -> -0.0055555556
B26: GOLDBEES | C26: 44375 | D26: 40.95 | E26: 40.82 | F26: 40.93 | H26: =E26/D26-1 -> -0.0031746032 | I26: =H26*'Portfolio Details'!$D$5 -> -0.00063492063 | J26: =(INDEX(E3:E1501,MATCH(EDATE(C3,1),C3:C1501,1))/E3)-1 -> -0.039634146 | K26: =J26*'Portfolio Details'!$D$5 -> -0.0079268293
B27: GOLDBEES | C27: 44376 | D27: 40.82 | E27: 40.73 | F27: 40.79 | H27: =E27/D27-1 -> -0.0022048016 | I27: =H27*'Portfolio Details'!$D$5 -> -0.00044096031 | J27: =(INDEX(E4:E1502,MATCH(EDATE(C4,1),C4:C1502,1))/E4)-1 -> -0.033970276 | K27: =J27*'Portfolio Details'!$D$5 -> -0.0067940552
B28: GOLDBEES | C28: 44377 | D28: 40.73 | E28: 40.52 | F28: 40.51 | H28: =E28/D28-1 -> -0.0051559047 | I28: =H28*'Portfolio Details'!$D$5 -> -0.0010311809 | J28: =(INDEX(E5:E1503,MATCH(EDATE(C5,1),C5:C1503,1))/E5)-1 -> -0.03315964 | K28: =J28*'Portfolio Details'!$D$5 -> -0.006631928
B29: GOLDBEES | C29: 44378 | D29: 40.52 | E29: 40.91 | F29: 40.84 | H29: =E29/D29-1 -> 0.0096248766 | I29: =H29*'Portfolio Details'!$D$5 -> 0.0019249753 | J29: =(INDEX(E6:E1504,MATCH(EDATE(C6,1),C6:C1504,1))/E6)-1 -> -0.048602958 | K29: =J29*'Portfolio Details'!$D$5 -> -0.0097205917
B30: GOLDBEES | C30: 44379 | D30: 40.91 | E30: 41.15 | F30: 41.1 | H30: =E30/D30-1 -> 0.0058665363 | I30: =H30*'Portfolio Details'!$D$5 -> 0.0011733073 | J30: =(INDEX(E7:E1505,MATCH(EDATE(C7,1),C7:C1505,1))/E7)-1 -> -0.044828391 | K30: =J30*'Portfolio Details'!$D$5 -> -0.0089656783
B31: GOLDBEES | C31: 44382 | D31: 41.15 | E31: 41.2 | F31: 41.18 | H31: =E31/D31-1 -> 0.0012150668 | I31: =H31*'Portfolio Details'!$D$5 -> 0.00024301337 | J31: =(INDEX(E8:E1506,MATCH(EDATE(C8,1),C8:C1506,1))/E8)-1 -> -0.033356824 | K31: =J31*'Portfolio Details'!$D$5 -> -0.0066713648
B32: GOLDBEES | C32: 44383 | D32: 41.2 | E32: 41.61 | F32: 41.5 | H32: =E32/D32-1 -> 0.0099514563 | I32: =H32*'Portfolio Details'!$D$5 -> 0.0019902913 | J32: =(INDEX(E9:E1507,MATCH(EDATE(C9,1),C9:C1507,1))/E9)-1 -> -0.031992472 | K32: =J32*'Portfolio Details'!$D$5 -> -0.0063984945
B33: GOLDBEES | C33: 44384 | D33: 41.61 | E33: 41.72 | F33: 41.65 | H33: =E33/D33-1 -> 0.0026435953 | I33: =H33*'Portfolio Details'!$D$5 -> 0.00052871906 | J33: =(INDEX(E10:E1508,MATCH(EDATE(C10,1),C10:C1508,1))/E10)-1 -> -0.02302944 | K33: =J33*'Portfolio Details'!$D$5 -> -0.0046058879
B34: GOLDBEES | C34: 44385 | D34: 41.72 | E34: 41.74 | F34: 41.72 | H34: =E34/D34-1 -> 0.00047938639 | I34: =H34*'Portfolio Details'!$D$5 -> 9.5877277e-05 | J34: =(INDEX(E11:E1509,MATCH(EDATE(C11,1),C11:C1509,1))/E11)-1 -> -0.013245033 | K34: =J34*'Portfolio Details'!$D$5 -> -0.0026490066
B35: GOLDBEES | C35: 44386 | D35: 41.74 | E35: 41.58 | F35: 41.55 | H35: =E35/D35-1 -> -0.0038332535 | I35: =H35*'Portfolio Details'!$D$5 -> -0.00076665069 | J35: =(INDEX(E12:E1510,MATCH(EDATE(C12,1),C12:C1510,1))/E12)-1 -> -0.015798161 | K35: =J35*'Portfolio Details'!$D$5 -> -0.0031596322
B36: GOLDBEES | C36: 44389 | D36: 41.58 | E36: 41.5 | F36: 41.49 | H36: =E36/D36-1 -> -0.0019240019 | I36: =H36*'Portfolio Details'!$D$5 -> -0.00038480038 | J36: =(INDEX(E13:E1511,MATCH(EDATE(C13,1),C13:C1511,1))/E13)-1 -> -0.021647059 | K36: =J36*'Portfolio Details'!$D$5 -> -0.0043294118
... B1242: GOLDBEES | C1242: 46167 | D1242: 130.5 | E1242: 130.51 | F1242: 130.56 | H1242: =E1242/D1242-1 -> 7.6628352e-05 | I1242: =H1242*'Portfolio Details'!$D$5 -> 1.532567e-05 | J1242: =(INDEX(E1219:E2717,MATCH(EDATE(C1219,1),C1219:C2717,1))/E1219)-1 -> 0.044082415 | K1242: =J1242*'Portfolio Details'!$D$5 -> 0.008816483

Sheet Silverbees
B1: Symbol | C1: Date | D1: Prev Close | E1: Close Price | F1: Average Price | H1: Daily Returns% | I1: Weighted Returns | J1: Rolling Returns | K1: Weighted Rolling Returns
B2: NETFSILVER | C2: 44599 | D2: 61.27 | E2: 61.77 | F2: 62.19 | H2: =E2/D2-1 -> 0.0081606006 | I2: =H2*'Portfolio Details'!$D$6 -> 0.00040803003 | L2: Average daily return % | M2: =AVERAGE(H2:H1065) -> 0.001570769
B3: NETFSILVER | C3: 44600 | D3: 61.77 | E3: 62.28 | F3: 62.04 | H3: =E3/D3-1 -> 0.0082564352 | I3: =H3*'Portfolio Details'!$D$6 -> 0.00041282176
B4: NETFSILVER | C4: 44601 | D4: 62.28 | E4: 62.77 | F4: 62.77 | H4: =E4/D4-1 -> 0.0078676943 | I4: =H4*'Portfolio Details'!$D$6 -> 0.00039338471 | L4: Average Monthly return % | M4: =M2*20 -> 0.03141538
B5: NETFSILVER | C5: 44602 | D5: 62.77 | E5: 62.8 | F5: 62.74 | H5: =E5/D5-1 -> 0.00047793532 | I5: =H5*'Portfolio Details'!$D$6 -> 2.3896766e-05
B6: NETFSILVER | C6: 44603 | D6: 62.8 | E6: 62.36 | F6: 62.32 | H6: =E6/D6-1 -> -0.0070063694 | I6: =H6*'Portfolio Details'!$D$6 -> -0.00035031847 | L6: Average annual return % | M6: =M2*252 -> 0.39583379
B7: NETFSILVER | C7: 44606 | D7: 62.36 | E7: 64.09 | F7: 63.93 | H7: =E7/D7-1 -> 0.027742142 | I7: =H7*'Portfolio Details'!$D$6 -> 0.0013871071
B8: NETFSILVER | C8: 44607 | D8: 64.09 | E8: 63.19 | F8: 63.9 | H8: =E8/D8-1 -> -0.014042752 | I8: =H8*'Portfolio Details'!$D$6 -> -0.00070213762 | L8: CAGR% | M8: =(1+(E1065/E2-1))^(1/4.5)-1 -> 0.37159271
B9: NETFSILVER | C9: 44608 | D9: 63.19 | E9: 63.24 | F9: 63.07 | H9: =E9/D9-1 -> 0.00079126444 | I9: =H9*'Portfolio Details'!$D$6 -> 3.9563222e-05
B10: NETFSILVER | C10: 44609 | D10: 63.24 | E10: 63.87 | F10: 63.5 | H10: =E10/D10-1 -> 0.0099620493 | I10: =H10*'Portfolio Details'!$D$6 -> 0.00049810247 | L10: Risk | M10: =_xlfn.STDEV.P(H2:H1065) -> 0.021089511
B11: NETFSILVER | C11: 44610 | D11: 63.87 | E11: 63.79 | F11: 63.8 | H11: =E11/D11-1 -> -0.0012525442 | I11: =H11*'Portfolio Details'!$D$6 -> -6.2627212e-05
B12: NETFSILVER | C12: 44613 | D12: 63.79 | E12: 63.42 | F12: 63.4 | H12: =E12/D12-1 -> -0.0058002822 | I12: =H12*'Portfolio Details'!$D$6 -> -0.00029001411
B13: NETFSILVER | C13: 44614 | D13: 63.42 | E13: 64.29 | F13: 64.35 | H13: =E13/D13-1 -> 0.01371807 | I13: =H13*'Portfolio Details'!$D$6 -> 0.0006859035
B14: NETFSILVER | C14: 44615 | D14: 64.29 | E14: 64.08 | F14: 64.13 | H14: =E14/D14-1 -> -0.0032664489 | I14: =H14*'Portfolio Details'!$D$6 -> -0.00016332245
B15: NETFSILVER | C15: 44616 | D15: 64.08 | E15: 66.98 | F15: 66.55 | H15: =E15/D15-1 -> 0.04525593 | I15: =H15*'Portfolio Details'!$D$6 -> 0.0022627965
B16: NETFSILVER | C16: 44617 | D16: 66.98 | E16: 64.68 | F16: 64.86 | H16: =E16/D16-1 -> -0.034338609 | I16: =H16*'Portfolio Details'!$D$6 -> -0.0017169304
B17: NETFSILVER | C17: 44620 | D17: 64.68 | E17: 64.85 | F17: 65.06 | H17: =E17/D17-1 -> 0.0026283241 | I17: =H17*'Portfolio Details'!$D$6 -> 0.0001314162
B18: NETFSILVER | C18: 44622 | D18: 64.85 | E18: 67.09 | F18: 66.93 | H18: =E18/D18-1 -> 0.034541249 | I18: =H18*'Portfolio Details'!$D$6 -> 0.0017270625
B19: NETFSILVER | C19: 44623 | D19: 67.09 | E19: 67.48 | F19: 67.41 | H19: =E19/D19-1 -> 0.0058130869 | I19: =H19*'Portfolio Details'!$D$6 -> 0.00029065434
B20: NETFSILVER | C20: 44624 | D20: 67.48 | E20: 67.52 | F20: 67.44 | H20: =E20/D20-1 -> 0.00059276823 | I20: =H20*'Portfolio Details'!$D$6 -> 2.9638411e-05
B21: NETFSILVER | C21: 44627 | D21: 67.52 | E21: 70.37 | F21: 70.27 | H21: =E21/D21-1 -> 0.042209716 | I21: =H21*'Portfolio Details'!$D$6 -> 0.0021104858
B22: NETFSILVER | C22: 44628 | D22: 70.37 | E22: 70.56 | F22: 70.16 | H22: =E22/D22-1 -> 0.0027000142 | I22: =H22*'Portfolio Details'!$D$6 -> 0.00013500071
... B24: NETFSILVER | C24: 44630 | D24: 70.65 | E24: 68.5 | F24: 68.6 | H24: =E24/D24-1 -> -0.030431706 | I24: =H24*'Portfolio Details'!$D$6 -> -0.0015215853
B25: NETFSILVER | C25: 44631 | D25: 68.5 | E25: 69.47 | F25: 69.42 | H25: =E25/D25-1 -> 0.014160584 | I25: =H25*'Portfolio Details'!$D$6 -> 0.0007080292 | J25: =(INDEX(E2:E1500,MATCH(EDATE(C2,1),C2:C1500,1))/E2)-1 -> 0.13922616 | K25: =J25*'Portfolio Details'!$D$6 -> 0.0069613081
B26: NETFSILVER | C26: 44634 | D26: 69.47 | E26: 68.49 | F26: 68.75 | H26: =E26/D26-1 -> -0.014106809 | I26: =H26*'Portfolio Details'!$D$6 -> -0.00070534043 | J26: =(INDEX(E3:E1501,MATCH(EDATE(C3,1),C3:C1501,1))/E3)-1 -> 0.13294798 | K26: =J26*'Portfolio Details'!$D$6 -> 0.0066473988
B27: NETFSILVER | C27: 44635 | D27: 68.49 | E27: 66.96 | F27: 67.14 | H27: =E27/D27-1 -> -0.022339028 | I27: =H27*'Portfolio Details'!$D$6 -> -0.0011169514 | J27: =(INDEX(E4:E1502,MATCH(EDATE(C4,1),C4:C1502,1))/E4)-1 -> 0.12553768 | K27: =J27*'Portfolio Details'!$D$6 -> 0.0062768839
B28: NETFSILVER | C28: 44636 | D28: 66.96 | E28: 67.14 | F28: 67.04 | H28: =E28/D28-1 -> 0.002688172 | I28: =H28*'Portfolio Details'!$D$6 -> 0.0001344086 | J28: =(INDEX(E5:E1503,MATCH(EDATE(C5,1),C5:C1503,1))/E5)-1 -> 0.090764331 | K28: =J28*'Portfolio Details'!$D$6 -> 0.0045382166
B29: NETFSILVER | C29: 44637 | D29: 67.14 | E29: 67.55 | F29: 67.38 | H29: =E29/D29-1 -> 0.0061066428 | I29: =H29*'Portfolio Details'!$D$6 -> 0.00030533214 | J29: =(INDEX(E6:E1504,MATCH(EDATE(C6,1),C6:C1504,1))/E6)-1 -> 0.11401539 | K29: =J29*'Portfolio Details'!$D$6 -> 0.0057007697
B30: NETFSILVER | C30: 44641 | D30: 67.55 | E30: 67.35 | F30: 67.26 | H30: =E30/D30-1 -> -0.0029607698 | I30: =H30*'Portfolio Details'!$D$6 -> -0.00014803849 | J30: =(INDEX(E7:E1505,MATCH(EDATE(C7,1),C7:C1505,1))/E7)-1 -> 0.068653456 | K30: =J30*'Portfolio Details'!$D$6 -> 0.0034326728
B31: NETFSILVER | C31: 44642 | D31: 67.35 | E31: 67.47 | F31: 67.9 | H31: =E31/D31-1 -> 0.0017817372 | I31: =H31*'Portfolio Details'!$D$6 -> 8.908686e-05 | J31: =(INDEX(E8:E1506,MATCH(EDATE(C8,1),C8:C1506,1))/E8)-1 -> 0.059661339 | K31: =J31*'Portfolio Details'!$D$6 -> 0.0029830669
B32: NETFSILVER | C32: 44643 | D32: 67.47 | E32: 67.34 | F32: 66.9 | H32: =E32/D32-1 -> -0.0019267823 | I32: =H32*'Portfolio Details'!$D$6 -> -9.6339114e-05 | J32: =(INDEX(E9:E1507,MATCH(EDATE(C9,1),C9:C1507,1))/E9)-1 -> 0.061669829 | K32: =J32*'Portfolio Details'!$D$6 -> 0.0030834915
B33: NETFSILVER | C33: 44644 | D33: 67.34 | E33: 67.52 | F33: 67.49 | H33: =E33/D33-1 -> 0.0026730027 | I33: =H33*'Portfolio Details'!$D$6 -> 0.00013365013 | J33: =(INDEX(E10:E1508,MATCH(EDATE(C10,1),C10:C1508,1))/E10)-1 -> 0.057617035 | K33: =J33*'Portfolio Details'!$D$6 -> 0.0028808517
B34: NETFSILVER | C34: 44645 | D34: 67.52 | E34: 68.6 | F34: 68.5 | H34: =E34/D34-1 -> 0.015995261 | I34: =H34*'Portfolio Details'!$D$6 -> 0.00079976303 | J34: =(INDEX(E11:E1509,MATCH(EDATE(C11,1),C11:C1509,1))/E11)-1 -> 0.058943408 | K34: =J34*'Portfolio Details'!$D$6 -> 0.0029471704
B35: NETFSILVER | C35: 44648 | D35: 68.6 | E35: 67.35 | F35: 67.5 | H35: =E35/D35-1 -> -0.018221574 | I35: =H35*'Portfolio Details'!$D$6 -> -0.00091107872 | J35: =(INDEX(E12:E1510,MATCH(EDATE(C12,1),C12:C1510,1))/E12)-1 -> 0.061967833 | K35: =J35*'Portfolio Details'!$D$6 -> 0.0030983917
B36: NETFSILVER | C36: 44649 | D36: 67.35 | E36: 66.39 | F36: 66.66 | H36: =E36/D36-1 -> -0.014253898 | I36: =H36*'Portfolio Details'!$D$6 -> -0.00071269488 | J36: =(INDEX(E13:E1511,MATCH(EDATE(C13,1),C13:C1511,1))/E13)-1 -> 0.049463369 | K36: =J36*'Portfolio Details'!$D$6 -> 0.0024731685
... B1065: SILVERBEES | C1065: 46167 | D1065: 252.54 | E1065: 256.03 | F1065: 255.88 | H1065: =E1065/D1065-1 -> 0.013819593 | I1065: =H1065*'Portfolio Details'!$D$6 -> 0.00069097965 | J1065: =(INDEX(E1042:E2540,MATCH(EDATE(C1042,1),C1042:C2540,1))/E1042)-1 -> 0.061328503 | K1065: =J1065*'Portfolio Details'!$D$6 -> 0.0030664252
H1066: =E1066/D1066-1 -> #DIV/0! | I1066: =H1066*'Portfolio Details'!$D$6 -> #DIV/0! | J1066: =(INDEX(E1043:E2541,MATCH(EDATE(C1043,1),C1043:C2541,1))/E1043)-1 -> 0.069948735 | K1066: =J1066*'Portfolio Details'!$D$6 -> 0.0034974368
H1067: =E1067/D1067-1 -> #DIV/0! | I1067: =H1067*'Portfolio Details'!$D$6 -> #DIV/0! | J1067: =(INDEX(E1044:E2542,MATCH(EDATE(C1044,1),C1044:C2542,1))/E1044)-1 -> 0.099577655 | K1067: =J1067*'Portfolio Details'!$D$6 -> 0.0049788827
H1068: =E1068/D1068-1 -> #DIV/0! | I1068: =H1068*'Portfolio Details'!$D$6 -> #DIV/0! | J1068: =(INDEX(E1045:E2543,MATCH(EDATE(C1045,1),C1045:C2543,1))/E1045)-1 -> 0.10816622 | K1068: =J1068*'Portfolio Details'!$D$6 -> 0.005408311
H1069: =E1069/D1069-1 -> #DIV/0! | I1069: =H1069*'Portfolio Details'!$D$6 -> #DIV/0! | J1069: =(INDEX(E1046:E2544,MATCH(EDATE(C1046,1),C1046:C2544,1))/E1046)-1 -> 0.10970007 | K1069: =J1069*'Portfolio Details'!$D$6 -> 0.0054850035
H1070: =E1070/D1070-1 -> #DIV/0! | I1070: =H1070*'Portfolio Details'!$D$6 -> #DIV/0! | J1070: =(INDEX(E1047:E2545,MATCH(EDATE(C1047,1),C1047:C2545,1))/E1047)-1 -> 0.13927825 | K1070: =J1070*'Portfolio Details'!$D$6 -> 0.0069639123
H1071: =E1071/D1071-1 -> #DIV/0! | I1071: =H1071*'Portfolio Details'!$D$6 -> #DIV/0! | J1071: =(INDEX(E1048:E2546,MATCH(EDATE(C1048,1),C1048:C2546,1))/E1048)-1 -> 0.14197145 | K1071: =J1071*'Portfolio Details'!$D$6 -> 0.0070985727
H1072: =E1072/D1072-1 -> #DIV/0! | I1072: =H1072*'Portfolio Details'!$D$6 -> #DIV/0! | J1072: =(INDEX(E1049:E2547,MATCH(EDATE(C1049,1),C1049:C2547,1))/E1049)-1 -> 0.12540659 | K1072: =J1072*'Portfolio Details'!$D$6 -> 0.0062703297
H1073: =E1073/D1073-1 -> #DIV/0! | I1073: =H1073*'Portfolio Details'!$D$6 -> #DIV/0! | J1073: =(INDEX(E1050:E2548,MATCH(EDATE(C1050,1),C1050:C2548,1))/E1050)-1 -> 0.11143428 | K1073: =J1073*'Portfolio Details'!$D$6 -> 0.0055717138
H1074: =E1074/D1074-1 -> #DIV/0! | I1074: =H1074*'Portfolio Details'!$D$6 -> #DIV/0! | J1074: =(INDEX(E1051:E2549,MATCH(EDATE(C1051,1),C1051:C2549,1))/E1051)-1 -> 0.11857224 | K1074: =J1074*'Portfolio Details'!$D$6 -> 0.005928612
H1075: =E1075/D1075-1 -> #DIV/0! | I1075: =H1075*'Portfolio Details'!$D$6 -> #DIV/0! | J1075: =(INDEX(E1052:E2550,MATCH(EDATE(C1052,1),C1052:C2550,1))/E1052)-1 -> 0.091858928 | K1075: =J1075*'Portfolio Details'!$D$6 -> 0.0045929464
H1076: =E1076/D1076-1 -> #DIV/0! | I1076: =H1076*'Portfolio Details'!$D$6 -> #DIV/0! | J1076: =(INDEX(E1053:E2551,MATCH(EDATE(C1053,1),C1053:C2551,1))/E1053)-1 -> 0.069286669 | K1076: =J1076*'Portfolio Details'!$D$6 -> 0.0034643334
H1077: =E1077/D1077-1 -> #DIV/0! | I1077: =H1077*'Portfolio Details'!$D$6 -> #DIV/0! | J1077: =(INDEX(E1054:E2552,MATCH(EDATE(C1054,1),C1054:C2552,1))/E1054)-1 -> 0.066036557 | K1077: =J1077*'Portfolio Details'!$D$6 -> 0.0033018279
... H1242: =E1242/D1242-1 -> #DIV/0! | I1242: =H1242*'Portfolio Details'!$D$6 -> #DIV/0! | J1242: =(INDEX(E1219:E2717,MATCH(EDATE(C1219,1),C1219:C2717,1))/E1219)-1 -> #N/A | K1242: =J1242*'Portfolio Details'!$D$6 -> #N/A

Sheet Autobees
B1: Symbol | C1: Date | D1: Prev Close | E1: Close Price | F1: Average Price | H1: Daily Returns%
B2: NETFAUTO | C2: 44586 | D2: 115.94 | E2: 115.77 | F2: 114.99 | H2: =E2/D2-1 -> -0.0014662757 | O2: Average daily return % | P2: =AVERAGE(H2:H1073) -> 0.00086228236
B3: NETFAUTO | C3: 44588 | D3: 115.77 | E3: 114.37 | F3: 114.48 | H3: =E3/D3-1 -> -0.012092943
B4: NETFAUTO | C4: 44589 | D4: 114.37 | E4: 115.38 | F4: 116.98 | H4: =E4/D4-1 -> 0.0088309871 | O4: Average Monthly return % | P4: =P2*20 -> 0.017245647
B5: NETFAUTO | C5: 44592 | D5: 115.38 | E5: 117.42 | F5: 117.11 | H5: =E5/D5-1 -> 0.017680707
B6: NETFAUTO | C6: 44593 | D6: 117.42 | E6: 116.64 | F6: 117.27 | H6: =E6/D6-1 -> -0.0066428206 | O6: Average annual return % | P6: =P2*252 -> 0.21729515
B7: NETFAUTO | C7: 44594 | D7: 116.64 | E7: 116.83 | F7: 117.37 | H7: =E7/D7-1 -> 0.0016289438
B8: NETFAUTO | C8: 44595 | D8: 116.83 | E8: 117.43 | F8: 117.76 | H8: =E8/D8-1 -> 0.0051356672 | O8: CAGR% | P8: =(1+(E1073/E2-1))^(1/5)-1 -> 0.18581998
B9: NETFAUTO | C9: 44596 | D9: 117.43 | E9: 115.94 | F9: 116.51 | H9: =E9/D9-1 -> -0.01268841
B10: NETFAUTO | C10: 44599 | D10: 115.94 | E10: 114.42 | F10: 114.79 | H10: =E10/D10-1 -> -0.013110229 | O10: Risk | P10: =_xlfn.STDEV.P(H2:H1073) -> 0.011694926
B11: NETFAUTO | C11: 44600 | D11: 114.42 | E11: 114.15 | F11: 114.64 | H11: =E11/D11-1 -> -0.0023597273
B12: NETFAUTO | C12: 44601 | D12: 114.15 | E12: 116.56 | F12: 115.97 | H12: =E12/D12-1 -> 0.021112571
B13: NETFAUTO | C13: 44602 | D13: 116.56 | E13: 116.98 | F13: 117.52 | H13: =E13/D13-1 -> 0.0036032944
B14: NETFAUTO | C14: 44603 | D14: 116.98 | E14: 115.84 | F14: 115.93 | H14: =E14/D14-1 -> -0.0097452556
B15: NETFAUTO | C15: 44606 | D15: 115.84 | E15: 111.26 | F15: 112.72 | H15: =E15/D15-1 -> -0.039537293
B16: NETFAUTO | C16: 44607 | D16: 111.26 | E16: 115.14 | F16: 113.26 | H16: =E16/D16-1 -> 0.03487327
B17: NETFAUTO | C17: 44608 | D17: 115.14 | E17: 115.29 | F17: 115.65 | H17: =E17/D17-1 -> 0.0013027619
B18: NETFAUTO | C18: 44609 | D18: 115.29 | E18: 115.18 | F18: 115.6 | H18: =E18/D18-1 -> -0.00095411571
B19: NETFAUTO | C19: 44610 | D19: 115.18 | E19: 114.54 | F19: 114.83 | H19: =E19/D19-1 -> -0.0055565202
B20: NETFAUTO | C20: 44613 | D20: 114.54 | E20: 114.13 | F20: 113.62 | H20: =E20/D20-1 -> -0.0035795355
B21: NETFAUTO | C21: 44614 | D21: 114.13 | E21: 114.12 | F21: 114.9 | H21: =E21/D21-1 -> -8.7619381e-05
B22: NETFAUTO | C22: 44615 | D22: 114.12 | E22: 113.69 | F22: 114.26 | H22: =E22/D22-1 -> -0.0037679635
... B1073: AUTOBEES | C1073: 46167 | D1073: 267.12 | E1073: 271.45 | F1073: 271.94 | H1073: =E1073/D1073-1 -> 0.016209943

Sheet Giltbees
B1: Symbol | C1: Date | D1: Prev Close | E1: Close Price | F1: Average Price | H1: Daily Returns% | I1: Weighted Returns | J1: Rolling Returns | K1: Weighted Rolling Returns
B2: NETFGILT5Y | C2: 44341 | D2: 48.3 | E2: 48.4 | F2: 48.32 | H2: =E2/D2-1 -> 0.0020703934 | I2: =H2*'Portfolio Details'!$D$7 -> 0.00010351967 | L2: Average daily return % | M2: =AVERAGE(H2:H1239) -> 0.00023465857
B3: NETFGILT5Y | C3: 44342 | D3: 48.4 | E3: 48.44 | F3: 48.44 | H3: =E3/D3-1 -> 0.00082644628 | I3: =H3*'Portfolio Details'!$D$7 -> 4.1322314e-05
B4: NETFGILT5Y | C4: 44343 | D4: 48.44 | E4: 48.38 | F4: 48.39 | H4: =E4/D4-1 -> -0.0012386457 | I4: =H4*'Portfolio Details'!$D$7 -> -6.1932287e-05 | L4: Average Monthly return % | M4: =M2*20 -> 0.0046931713
B5: NETFGILT5Y | C5: 44344 | D5: 48.38 | E5: 48.34 | F5: 48.36 | H5: =E5/D5-1 -> -0.00082678793 | I5: =H5*'Portfolio Details'!$D$7 -> -4.1339396e-05
B6: NETFGILT5Y | C6: 44347 | D6: 48.34 | E6: 48.32 | F6: 48.34 | H6: =E6/D6-1 -> -0.00041373604 | I6: =H6*'Portfolio Details'!$D$7 -> -2.0686802e-05 | L6: Average annual return % | M6: =M2*252 -> 0.059133958
B7: NETFGILT5Y | C7: 44348 | D7: 48.32 | E7: 48.3 | F7: 48.33 | H7: =E7/D7-1 -> -0.00041390728 | I7: =H7*'Portfolio Details'!$D$7 -> -2.0695364e-05
B8: NETFGILT5Y | C8: 44349 | D8: 48.3 | E8: 48.3 | F8: 48.3 | H8: =E8/D8-1 -> 0 | I8: =H8*'Portfolio Details'!$D$7 -> 0 | L8: CAGR% | M8: =(1+(E1239/E2-1))^(1/5)-1 -> 0.058325041
B9: NETFGILT5Y | C9: 44350 | D9: 48.3 | E9: 48.34 | F9: 48.33 | H9: =E9/D9-1 -> 0.00082815735 | I9: =H9*'Portfolio Details'!$D$7 -> 4.1407867e-05
B10: NETFGILT5Y | C10: 44351 | D10: 48.34 | E10: 48.38 | F10: 48.4 | H10: =E10/D10-1 -> 0.00082747207 | I10: =H10*'Portfolio Details'!$D$7 -> 4.1373604e-05 | L10: Risk | M10: =_xlfn.STDEV.P(H2:H1239) -> 0.0028372539
B11: NETFGILT5Y | C11: 44354 | D11: 48.38 | E11: 48.38 | F11: 48.38 | H11: =E11/D11-1 -> 0 | I11: =H11*'Portfolio Details'!$D$7 -> 0
B12: NETFGILT5Y | C12: 44355 | D12: 48.38 | E12: 48.47 | F12: 48.44 | H12: =E12/D12-1 -> 0.0018602728 | I12: =H12*'Portfolio Details'!$D$7 -> 9.3013642e-05
B13: NETFGILT5Y | C13: 44356 | D13: 48.47 | E13: 48.48 | F13: 48.51 | H13: =E13/D13-1 -> 0.00020631318 | I13: =H13*'Portfolio Details'!$D$7 -> 1.0315659e-05
B14: NETFGILT5Y | C14: 44357 | D14: 48.48 | E14: 48.52 | F14: 48.55 | H14: =E14/D14-1 -> 0.00082508251 | I14: =H14*'Portfolio Details'!$D$7 -> 4.1254125e-05
B15: NETFGILT5Y | C15: 44358 | D15: 48.52 | E15: 48.63 | F15: 48.53 | H15: =E15/D15-1 -> 0.0022671063 | I15: =H15*'Portfolio Details'!$D$7 -> 0.00011335532
B16: NETFGILT5Y | C16: 44361 | D16: 48.63 | E16: 48.61 | F16: 48.61 | H16: =E16/D16-1 -> -0.00041126876 | I16: =H16*'Portfolio Details'!$D$7 -> -2.0563438e-05
B17: NETFGILT5Y | C17: 44362 | D17: 48.61 | E17: 48.42 | F17: 48.42 | H17: =E17/D17-1 -> -0.0039086608 | I17: =H17*'Portfolio Details'!$D$7 -> -0.00019543304
B18: NETFGILT5Y | C18: 44363 | D18: 48.42 | E18: 48.23 | F18: 48.22 | H18: =E18/D18-1 -> -0.0039239983 | I18: =H18*'Portfolio Details'!$D$7 -> -0.00019619992
B19: NETFGILT5Y | C19: 44365 | D19: 48.23 | E19: 48.33 | F19: 48.33 | H19: =E19/D19-1 -> 0.0020733983 | I19: =H19*'Portfolio Details'!$D$7 -> 0.00010366991
B20: NETFGILT5Y | C20: 44368 | D20: 48.33 | E20: 48.31 | F20: 48.36 | H20: =E20/D20-1 -> -0.00041382164 | I20: =H20*'Portfolio Details'!$D$7 -> -2.0691082e-05
B21: NETFGILT5Y | C21: 44369 | D21: 48.31 | E21: 48.21 | F21: 48.22 | H21: =E21/D21-1 -> -0.0020699648 | I21: =H21*'Portfolio Details'!$D$7 -> -0.00010349824
B22: NETFGILT5Y | C22: 44370 | D22: 48.21 | E22: 48.23 | F22: 48.22 | H22: =E22/D22-1 -> 0.00041485169 | I22: =H22*'Portfolio Details'!$D$7 -> 2.0742585e-05
... B24: NETFGILT5Y | C24: 44372 | D24: 48.26 | E24: 48.19 | F24: 48.16 | H24: =E24/D24-1 -> -0.0014504766 | I24: =H24*'Portfolio Details'!$D$7 -> -7.2523829e-05
B25: NETFGILT5Y | C25: 44375 | D25: 48.19 | E25: 48.12 | F25: 48.17 | H25: =E25/D25-1 -> -0.0014525835 | I25: =H25*'Portfolio Details'!$D$7 -> -7.2629176e-05 | J25: =(INDEX(E2:E1500,MATCH(EDATE(C2,1),C2:C1500,1))/E2)-1 -> -0.004338843
B26: NETFGILT5Y | C26: 44376 | D26: 48.12 | E26: 48.18 | F26: 48.18 | H26: =E26/D26-1 -> 0.0012468828 | I26: =H26*'Portfolio Details'!$D$7 -> 6.234414e-05 | J26: =(INDEX(E3:E1501,MATCH(EDATE(C3,1),C3:C1501,1))/E3)-1 -> -0.0051610239
B27: NETFGILT5Y | C27: 44377 | D27: 48.18 | E27: 48.1 | F27: 48.1 | H27: =E27/D27-1 -> -0.00166044 | I27: =H27*'Portfolio Details'!$D$7 -> -8.3022001e-05 | J27: =(INDEX(E4:E1502,MATCH(EDATE(C4,1),C4:C1502,1))/E4)-1 -> -0.0039272427
B28: NETFGILT5Y | C28: 44378 | D28: 48.1 | E28: 48.14 | F28: 48.19 | H28: =E28/D28-1 -> 0.00083160083 | I28: =H28*'Portfolio Details'!$D$7 -> 4.1580042e-05 | J28: =(INDEX(E5:E1503,MATCH(EDATE(C5,1),C5:C1503,1))/E5)-1 -> -0.0045510964
B29: NETFGILT5Y | C29: 44379 | D29: 48.14 | E29: 48.15 | F29: 48.2 | H29: =E29/D29-1 -> 0.00020772746 | I29: =H29*'Portfolio Details'!$D$7 -> 1.0386373e-05 | J29: =(INDEX(E6:E1504,MATCH(EDATE(C6,1),C6:C1504,1))/E6)-1 -> -0.0045529801
B30: NETFGILT5Y | C30: 44382 | D30: 48.15 | E30: 48.12 | F30: 48.1 | H30: =E30/D30-1 -> -0.00062305296 | I30: =H30*'Portfolio Details'!$D$7 -> -3.1152648e-05 | J30: =(INDEX(E7:E1505,MATCH(EDATE(C7,1),C7:C1505,1))/E7)-1 -> -0.0033126294
B31: NETFGILT5Y | C31: 44383 | D31: 48.12 | E31: 47.93 | F31: 47.97 | H31: =E31/D31-1 -> -0.0039484622 | I31: =H31*'Portfolio Details'!$D$7 -> -0.00019742311 | J31: =(INDEX(E8:E1506,MATCH(EDATE(C8,1),C8:C1506,1))/E8)-1 -> -0.0031055901
B32: NETFGILT5Y | C32: 44384 | D32: 47.93 | E32: 48.01 | F32: 47.97 | H32: =E32/D32-1 -> 0.0016691008 | I32: =H32*'Portfolio Details'!$D$7 -> 8.3455039e-05 | J32: =(INDEX(E9:E1507,MATCH(EDATE(C9,1),C9:C1507,1))/E9)-1 -> -0.0039304923
B33: NETFGILT5Y | C33: 44385 | D33: 48.01 | E33: 48.15 | F33: 48.06 | H33: =E33/D33-1 -> 0.0029160592 | I33: =H33*'Portfolio Details'!$D$7 -> 0.00014580296 | J33: =(INDEX(E10:E1508,MATCH(EDATE(C10,1),C10:C1508,1))/E10)-1 -> -0.0047540306
B34: NETFGILT5Y | C34: 44386 | D34: 48.15 | E34: 48.2 | F34: 48.19 | H34: =E34/D34-1 -> 0.0010384216 | I34: =H34*'Portfolio Details'!$D$7 -> 5.192108e-05 | J34: =(INDEX(E11:E1509,MATCH(EDATE(C11,1),C11:C1509,1))/E11)-1 -> -0.0076477883
B35: NETFGILT5Y | C35: 44389 | D35: 48.2 | E35: 48.21 | F35: 48.22 | H35: =E35/D35-1 -> 0.00020746888 | I35: =H35*'Portfolio Details'!$D$7 -> 1.0373444e-05 | J35: =(INDEX(E12:E1510,MATCH(EDATE(C12,1),C12:C1510,1))/E12)-1 -> -0.0066020219
B36: NETFGILT5Y | C36: 44390 | D36: 48.21 | E36: 48.19 | F36: 48.2 | H36: =E36/D36-1 -> -0.00041485169 | I36: =H36*'Portfolio Details'!$D$7 -> -2.0742585e-05 | J36: =(INDEX(E13:E1511,MATCH(EDATE(C13,1),C13:C1511,1))/E13)-1 -> -0.0057755776
... B1239: GILT5YBEES | C1239: 46167 | D1239: 64.07 | E1239: 64.26 | F1239: 64.19 | H1239: =E1239/D1239-1 -> 0.0029655065 | I1239: =H1239*'Portfolio Details'!$D$7 -> 0.00014827532 | J1239: =(INDEX(E1216:E2714,MATCH(EDATE(C1216,1),C1216:C2714,1))/E1216)-1 -> -0.010498688
J1240: =(INDEX(E1217:E2715,MATCH(EDATE(C1217,1),C1217:C2715,1))/E1217)-1 -> -0.010043263
J1241: =(INDEX(E1218:E2716,MATCH(EDATE(C1218,1),C1218:C2716,1))/E1218)-1 -> -0.0075898389
J1242: =(INDEX(E1219:E2717,MATCH(EDATE(C1219,1),C1219:C2717,1))/E1219)-1 -> -0.0078971818

Sheet Bankbees
B1: Symbol | C1: Date | D1: Prev Close | E1: Close Price | F1: Average Price | H1: Daily Returns% | I1: Weighted Returns | J1: Rolling Returns | K1: Weighted Rolling Returns
B2: BANKBEES | C2: 44341 | D2: 350.8 | E2: 348.59 | F2: 348.64 | H2: =E2/D2-1 -> -0.006299886 | I2: =H2*'Portfolio Details'!$D$8 -> -0.0012599772 | L2: Average daily return % | M2: =AVERAGE(H2:H1242) -> 0.00044182858
B3: BANKBEES | C3: 44342 | D3: 348.59 | E3: 348.9 | F3: 349.25 | H3: =E3/D3-1 -> 0.00088929688 | I3: =H3*'Portfolio Details'!$D$8 -> 0.00017785938
B4: BANKBEES | C4: 44343 | D4: 348.9 | E4: 352.59 | F4: 350.4 | H4: =E4/D4-1 -> 0.010576096 | I4: =H4*'Portfolio Details'!$D$8 -> 0.0021152193 | L4: Average Monthly return % | M4: =M2*20 -> 0.0088365717
B5: BANKBEES | C5: 44344 | D5: 352.59 | E5: 353.6 | F5: 354.11 | H5: =E5/D5-1 -> 0.0028645169 | I5: =H5*'Portfolio Details'!$D$8 -> 0.00057290337
B6: BANKBEES | C6: 44347 | D6: 353.6 | E6: 356.12 | F6: 354.85 | H6: =E6/D6-1 -> 0.0071266968 | I6: =H6*'Portfolio Details'!$D$8 -> 0.0014253394 | L6: Average annual return % | M6: =M2*252 -> 0.1113408
B7: BANKBEES | C7: 44348 | D7: 356.12 | E7: 355.47 | F7: 356.03 | H7: =E7/D7-1 -> -0.0018252275 | I7: =H7*'Portfolio Details'!$D$8 -> -0.00036504549
B8: BANKBEES | C8: 44349 | D8: 355.47 | E8: 355.63 | F8: 354.18 | H8: =E8/D8-1 -> 0.00045010831 | I8: =H8*'Portfolio Details'!$D$8 -> 9.0021661e-05 | L8: CAGR% | M8: =(1+(E1242/E2-1))^(1/5)-1 -> 0.10374126
B9: BANKBEES | C9: 44350 | D9: 355.63 | E9: 357.92 | F9: 357.61 | H9: =E9/D9-1 -> 0.0064392768 | I9: =H9*'Portfolio Details'!$D$8 -> 0.0012878554
B10: BANKBEES | C10: 44351 | D10: 357.92 | E10: 354.71 | F10: 356.06 | H10: =E10/D10-1 -> -0.0089684846 | I10: =H10*'Portfolio Details'!$D$8 -> -0.0017936969 | L10: Risk | M10: =_xlfn.STDEV.P(H2:H1242) -> 0.0099119438
B11: BANKBEES | C11: 44354 | D11: 354.71 | E11: 356.02 | F11: 356.27 | H11: =E11/D11-1 -> 0.0036931578 | I11: =H11*'Portfolio Details'!$D$8 -> 0.00073863156
B12: BANKBEES | C12: 44355 | D12: 356.02 | E12: 352.13 | F12: 352.16 | H12: =E12/D12-1 -> -0.010926352 | I12: =H12*'Portfolio Details'!$D$8 -> -0.0021852705
B13: BANKBEES | C13: 44356 | D13: 352.13 | E13: 349.43 | F13: 351.25 | H13: =E13/D13-1 -> -0.0076676228 | I13: =H13*'Portfolio Details'!$D$8 -> -0.0015335246
B14: BANKBEES | C14: 44357 | D14: 349.43 | E14: 352.63 | F14: 350.77 | H14: =E14/D14-1 -> 0.0091577712 | I14: =H14*'Portfolio Details'!$D$8 -> 0.0018315542
B15: BANKBEES | C15: 44358 | D15: 352.63 | E15: 351.59 | F15: 352.13 | H15: =E15/D15-1 -> -0.0029492669 | I15: =H15*'Portfolio Details'!$D$8 -> -0.00058985339
B16: BANKBEES | C16: 44361 | D16: 351.59 | E16: 350.78 | F16: 348.28 | H16: =E16/D16-1 -> -0.0023038198 | I16: =H16*'Portfolio Details'!$D$8 -> -0.00046076396
B17: BANKBEES | C17: 44362 | D17: 350.78 | E17: 353.59 | F17: 353.21 | H17: =E17/D17-1 -> 0.008010719 | I17: =H17*'Portfolio Details'!$D$8 -> 0.0016021438
B18: BANKBEES | C18: 44363 | D18: 353.59 | E18: 351.31 | F18: 352.24 | H18: =E18/D18-1 -> -0.0064481462 | I18: =H18*'Portfolio Details'!$D$8 -> -0.0012896292
B19: BANKBEES | C19: 44364 | D19: 351.31 | E19: 347.23 | F19: 347.78 | H19: =E19/D19-1 -> -0.011613675 | I19: =H19*'Portfolio Details'!$D$8 -> -0.0023227349
B20: BANKBEES | C20: 44365 | D20: 347.23 | E20: 347.08 | F20: 344.49 | H20: =E20/D20-1 -> -0.00043199032 | I20: =H20*'Portfolio Details'!$D$8 -> -8.6398065e-05
B21: BANKBEES | C21: 44368 | D21: 347.08 | E21: 350.13 | F21: 346.38 | H21: =E21/D21-1 -> 0.0087875994 | I21: =H21*'Portfolio Details'!$D$8 -> 0.0017575199
B22: BANKBEES | C22: 44369 | D22: 350.13 | E22: 349.04 | F22: 351.59 | H22: =E22/D22-1 -> -0.0031131294 | I22: =H22*'Portfolio Details'!$D$8 -> -0.00062262588
... B24: BANKBEES | C24: 44371 | D24: 347.84 | E24: 350.42 | F24: 350.01 | H24: =E24/D24-1 -> 0.0074172033 | I24: =H24*'Portfolio Details'!$D$8 -> 0.0014834407
B25: BANKBEES | C25: 44372 | D25: 350.42 | E25: 354.99 | F25: 354.3 | H25: =E25/D25-1 -> 0.013041493 | I25: =H25*'Portfolio Details'!$D$8 -> 0.0026082986 | J25: =(INDEX(E2:E1500,MATCH(EDATE(C2,1),C2:C1500,1))/E2)-1 -> 0.018359678 | K25: =J25*'Portfolio Details'!$D$8 -> 0.0036719355
B26: BANKBEES | C26: 44375 | D26: 354.99 | E26: 355.24 | F26: 355.23 | H26: =E26/D26-1 -> 0.00070424519 | I26: =H26*'Portfolio Details'!$D$8 -> 0.00014084904 | J26: =(INDEX(E3:E1501,MATCH(EDATE(C3,1),C3:C1501,1))/E3)-1 -> 0.017454858 | K26: =J26*'Portfolio Details'!$D$8 -> 0.0034909716
B27: BANKBEES | C27: 44376 | D27: 355.24 | E27: 352.73 | F27: 353.01 | H27: =E27/D27-1 -> -0.0070656458 | I27: =H27*'Portfolio Details'!$D$8 -> -0.0014131292 | J27: =(INDEX(E4:E1502,MATCH(EDATE(C4,1),C4:C1502,1))/E4)-1 -> 0.0068067727 | K27: =J27*'Portfolio Details'!$D$8 -> 0.0013613545
B28: BANKBEES | C28: 44377 | D28: 352.73 | E28: 350.29 | F28: 352.27 | H28: =E28/D28-1 -> -0.0069174723 | I28: =H28*'Portfolio Details'!$D$8 -> -0.0013834945 | J28: =(INDEX(E5:E1503,MATCH(EDATE(C5,1),C5:C1503,1))/E5)-1 -> 0.004638009 | K28: =J28*'Portfolio Details'!$D$8 -> 0.00092760181
B29: BANKBEES | C29: 44378 | D29: 350.29 | E29: 349.66 | F29: 350.26 | H29: =E29/D29-1 -> -0.0017985098 | I29: =H29*'Portfolio Details'!$D$8 -> -0.00035970196 | J29: =(INDEX(E6:E1504,MATCH(EDATE(C6,1),C6:C1504,1))/E6)-1 -> -0.016370886 | K29: =J29*'Portfolio Details'!$D$8 -> -0.0032741772
B30: BANKBEES | C30: 44379 | D30: 349.66 | E30: 350.53 | F30: 350.12 | H30: =E30/D30-1 -> 0.0024881313 | I30: =H30*'Portfolio Details'!$D$8 -> 0.00049762627 | J30: =(INDEX(E7:E1505,MATCH(EDATE(C7,1),C7:C1505,1))/E7)-1 -> -0.016344558 | K30: =J30*'Portfolio Details'!$D$8 -> -0.0032689116
B31: BANKBEES | C31: 44382 | D31: 350.53 | E31: 353.9 | F31: 352.89 | H31: =E31/D31-1 -> 0.0096140131 | I31: =H31*'Portfolio Details'!$D$8 -> 0.0019228026 | J31: =(INDEX(E8:E1506,MATCH(EDATE(C8,1),C8:C1506,1))/E8)-1 -> -0.014340747 | K31: =J31*'Portfolio Details'!$D$8 -> -0.0028681495
B32: BANKBEES | C32: 44383 | D32: 353.9 | E32: 357.43 | F32: 357.35 | H32: =E32/D32-1 -> 0.0099745691 | I32: =H32*'Portfolio Details'!$D$8 -> 0.0019949138 | J32: =(INDEX(E9:E1507,MATCH(EDATE(C9,1),C9:C1507,1))/E9)-1 -> -0.020647072 | K32: =J32*'Portfolio Details'!$D$8 -> -0.0041294144
B33: BANKBEES | C33: 44384 | D33: 357.43 | E33: 359.2 | F33: 358.14 | H33: =E33/D33-1 -> 0.0049520186 | I33: =H33*'Portfolio Details'!$D$8 -> 0.00099040372 | J33: =(INDEX(E10:E1508,MATCH(EDATE(C10,1),C10:C1508,1))/E10)-1 -> -0.011784274 | K33: =J33*'Portfolio Details'!$D$8 -> -0.0023568549
B34: BANKBEES | C34: 44385 | D34: 359.2 | E34: 355.2 | F34: 356.51 | H34: =E34/D34-1 -> -0.011135857 | I34: =H34*'Portfolio Details'!$D$8 -> -0.0022271715 | J34: =(INDEX(E11:E1509,MATCH(EDATE(C11,1),C11:C1509,1))/E11)-1 -> 0.0089320825 | K34: =J34*'Portfolio Details'!$D$8 -> 0.0017864165
B35: BANKBEES | C35: 44386 | D35: 355.2 | E35: 353.5 | F35: 353.14 | H35: =E35/D35-1 -> -0.004786036 | I35: =H35*'Portfolio Details'!$D$8 -> -0.00095720721 | J35: =(INDEX(E12:E1510,MATCH(EDATE(C12,1),C12:C1510,1))/E12)-1 -> 0.0087183711 | K35: =J35*'Portfolio Details'!$D$8 -> 0.0017436742
B36: BANKBEES | C36: 44389 | D36: 353.5 | E36: 354.18 | F36: 354.96 | H36: =E36/D36-1 -> 0.0019236209 | I36: =H36*'Portfolio Details'!$D$8 -> 0.00038472419 | J36: =(INDEX(E13:E1511,MATCH(EDATE(C13,1),C13:C1511,1))/E13)-1 -> 0.01164754 | K36: =J36*'Portfolio Details'!$D$8 -> 0.0023295081
... B1242: BANKBEES | C1242: 46167 | D1242: 559.62 | E1242: 571.02 | F1242: 568.66 | H1242: =E1242/D1242-1 -> 0.020370966 | I1242: =H1242*'Portfolio Details'!$D$8 -> 0.0040741932 | J1242: =(INDEX(E1219:E2717,MATCH(EDATE(C1219,1),C1219:C2717,1))/E1219)-1 -> -0.065407911 | K1242: =J1242*'Portfolio Details'!$D$8 -> -0.013081582

Sheet ITbees
B1: Symbol | C1: Date | D1: Prev Close | E1: Close Price | F1: Average Price | H1: Daily Returns% | I1: Weighted Returns | J1: Rolling Returns | K1: Weighted Rolling Returns
B2: NETFIT | C2: 44341 | D2: 26.37 | E2: 26.6 | F2: 26.61 | H2: =E2/D2-1 -> 0.0087220326 | I2: =H2*'Portfolio Details'!$D$11 -> 0.00043610163 | L2: Average daily return % | M2: =AVERAGE(H2:H1242) -> 0.00024370615
B3: NETFIT | C3: 44342 | D3: 26.6 | E3: 27.19 | F3: 26.93 | H3: =E3/D3-1 -> 0.022180451 | I3: =H3*'Portfolio Details'!$D$11 -> 0.0011090226
B4: NETFIT | C4: 44343 | D4: 27.19 | E4: 27.37 | F4: 27.47 | H4: =E4/D4-1 -> 0.0066200809 | I4: =H4*'Portfolio Details'!$D$11 -> 0.00033100405 | L4: Average Monthly return % | M4: =M2*20 -> 0.0048741231
B5: NETFIT | C5: 44344 | D5: 27.37 | E5: 27.33 | F5: 27.29 | H5: =E5/D5-1 -> -0.0014614541 | I5: =H5*'Portfolio Details'!$D$11 -> -7.3072707e-05
B6: NETFIT | C6: 44347 | D6: 27.33 | E6: 27.39 | F6: 27.43 | H6: =E6/D6-1 -> 0.0021953897 | I6: =H6*'Portfolio Details'!$D$11 -> 0.00010976948 | L6: Average annual return % | M6: =M2*252 -> 0.061413951
B7: NETFIT | C7: 44348 | D7: 27.39 | E7: 27.45 | F7: 27.31 | H7: =E7/D7-1 -> 0.0021905805 | I7: =H7*'Portfolio Details'!$D$11 -> 0.00010952903
B8: NETFIT | C8: 44349 | D8: 27.45 | E8: 27.29 | F8: 27.25 | H8: =E8/D8-1 -> -0.0058287796 | I8: =H8*'Portfolio Details'!$D$11 -> -0.00029143898 | L8: CAGR% | M8: =(1+(E1242/E2-1))^(1/5)-1 -> 0.038627621
B9: NETFIT | C9: 44350 | D9: 27.29 | E9: 27.33 | F9: 27.35 | H9: =E9/D9-1 -> 0.0014657384 | I9: =H9*'Portfolio Details'!$D$11 -> 7.3286918e-05
B10: NETFIT | C10: 44351 | D10: 27.33 | E10: 27.38 | F10: 27.39 | H10: =E10/D10-1 -> 0.0018294914 | I10: =H10*'Portfolio Details'!$D$11 -> 9.147457e-05 | L10: Risk | M10: =_xlfn.STDEV.P(H2:H1242) -> 0.012953212
B11: NETFIT | C11: 44354 | D11: 27.38 | E11: 27.56 | F11: 27.51 | H11: =E11/D11-1 -> 0.0065741417 | I11: =H11*'Portfolio Details'!$D$11 -> 0.00032870709
B12: NETFIT | C12: 44355 | D12: 27.56 | E12: 28.01 | F12: 27.99 | H12: =E12/D12-1 -> 0.016328012 | I12: =H12*'Portfolio Details'!$D$11 -> 0.00081640058
B13: NETFIT | C13: 44356 | D13: 28.01 | E13: 27.84 | F13: 28.04 | H13: =E13/D13-1 -> -0.006069261 | I13: =H13*'Portfolio Details'!$D$11 -> -0.00030346305
B14: NETFIT | C14: 44357 | D14: 27.84 | E14: 28.1 | F14: 28.05 | H14: =E14/D14-1 -> 0.0093390805 | I14: =H14*'Portfolio Details'!$D$11 -> 0.00046695402
B15: NETFIT | C15: 44358 | D15: 28.1 | E15: 28.64 | F15: 28.54 | H15: =E15/D15-1 -> 0.019217082 | I15: =H15*'Portfolio Details'!$D$11 -> 0.00096085409
B16: NETFIT | C16: 44361 | D16: 28.64 | E16: 28.7 | F16: 28.83 | H16: =E16/D16-1 -> 0.0020949721 | I16: =H16*'Portfolio Details'!$D$11 -> 0.0001047486
B17: NETFIT | C17: 44362 | D17: 28.7 | E17: 28.82 | F17: 28.88 | H17: =E17/D17-1 -> 0.0041811847 | I17: =H17*'Portfolio Details'!$D$11 -> 0.00020905923
B18: NETFIT | C18: 44363 | D18: 28.82 | E18: 28.8 | F18: 28.74 | H18: =E18/D18-1 -> -0.00069396253 | I18: =H18*'Portfolio Details'!$D$11 -> -3.4698126e-05
B19: NETFIT | C19: 44364 | D19: 28.8 | E19: 29.04 | F19: 28.97 | H19: =E19/D19-1 -> 0.0083333333 | I19: =H19*'Portfolio Details'!$D$11 -> 0.00041666667
B20: NETFIT | C20: 44365 | D20: 29.04 | E20: 28.82 | F20: 29 | H20: =E20/D20-1 -> -0.0075757576 | I20: =H20*'Portfolio Details'!$D$11 -> -0.00037878788
B21: NETFIT | C21: 44368 | D21: 28.82 | E21: 28.77 | F21: 28.66 | H21: =E21/D21-1 -> -0.0017349063 | I21: =H21*'Portfolio Details'!$D$11 -> -8.6745316e-05
B22: NETFIT | C22: 44369 | D22: 28.77 | E22: 28.95 | F22: 28.99 | H22: =E22/D22-1 -> 0.0062565172 | I22: =H22*'Portfolio Details'!$D$11 -> 0.00031282586
... B24: NETFIT | C24: 44371 | D24: 28.68 | E24: 29.35 | F24: 29.23 | H24: =E24/D24-1 -> 0.023361227 | I24: =H24*'Portfolio Details'!$D$11 -> 0.0011680614
B25: NETFIT | C25: 44372 | D25: 29.35 | E25: 29.62 | F25: 29.56 | H25: =E25/D25-1 -> 0.0091993186 | I25: =H25*'Portfolio Details'!$D$11 -> 0.00045996593 | J25: =(INDEX(E2:E1500,MATCH(EDATE(C2,1),C2:C1500,1))/E2)-1 -> 0.11353383 | K25: =J25*'Portfolio Details'!$D$11 -> 0.0056766917
B26: NETFIT | C26: 44375 | D26: 29.62 | E26: 29.53 | F26: 29.56 | H26: =E26/D26-1 -> -0.0030384875 | I26: =H26*'Portfolio Details'!$D$11 -> -0.00015192438 | J26: =(INDEX(E3:E1501,MATCH(EDATE(C3,1),C3:C1501,1))/E3)-1 -> 0.089371092 | K26: =J26*'Portfolio Details'!$D$11 -> 0.0044685546
B27: NETFIT | C27: 44376 | D27: 29.53 | E27: 29.45 | F27: 29.54 | H27: =E27/D27-1 -> -0.0027091094 | I27: =H27*'Portfolio Details'!$D$11 -> -0.00013545547 | J27: =(INDEX(E4:E1502,MATCH(EDATE(C4,1),C4:C1502,1))/E4)-1 -> 0.082206796 | K27: =J27*'Portfolio Details'!$D$11 -> 0.0041103398
B28: NETFIT | C28: 44377 | D28: 29.45 | E28: 29.62 | F28: 29.66 | H28: =E28/D28-1 -> 0.0057724958 | I28: =H28*'Portfolio Details'!$D$11 -> 0.00028862479 | J28: =(INDEX(E5:E1503,MATCH(EDATE(C5,1),C5:C1503,1))/E5)-1 -> 0.080497622 | K28: =J28*'Portfolio Details'!$D$11 -> 0.0040248811
B29: NETFIT | C29: 44378 | D29: 29.62 | E29: 29.47 | F29: 29.5 | H29: =E29/D29-1 -> -0.0050641458 | I29: =H29*'Portfolio Details'!$D$11 -> -0.00025320729 | J29: =(INDEX(E6:E1504,MATCH(EDATE(C6,1),C6:C1504,1))/E6)-1 -> 0.081416575 | K29: =J29*'Portfolio Details'!$D$11 -> 0.0040708288
B30: NETFIT | C30: 44379 | D30: 29.47 | E30: 29.46 | F30: 29.32 | H30: =E30/D30-1 -> -0.00033932813 | I30: =H30*'Portfolio Details'!$D$11 -> -1.6966407e-05 | J30: =(INDEX(E7:E1505,MATCH(EDATE(C7,1),C7:C1505,1))/E7)-1 -> 0.073588342 | K30: =J30*'Portfolio Details'!$D$11 -> 0.0036794171
B31: NETFIT | C31: 44382 | D31: 29.46 | E31: 29.41 | F31: 29.51 | H31: =E31/D31-1 -> -0.0016972166 | I31: =H31*'Portfolio Details'!$D$11 -> -8.4860828e-05 | J31: =(INDEX(E8:E1506,MATCH(EDATE(C8,1),C8:C1506,1))/E8)-1 -> 0.079516306 | K31: =J31*'Portfolio Details'!$D$11 -> 0.0039758153
B32: NETFIT | C32: 44383 | D32: 29.41 | E32: 29.11 | F32: 29.28 | H32: =E32/D32-1 -> -0.010200612 | I32: =H32*'Portfolio Details'!$D$11 -> -0.0005100306 | J32: =(INDEX(E9:E1507,MATCH(EDATE(C9,1),C9:C1507,1))/E9)-1 -> 0.077936334 | K32: =J32*'Portfolio Details'!$D$11 -> 0.0038968167
B33: NETFIT | C33: 44384 | D33: 29.11 | E33: 29.18 | F33: 29.08 | H33: =E33/D33-1 -> 0.0024046719 | I33: =H33*'Portfolio Details'!$D$11 -> 0.0001202336 | J33: =(INDEX(E10:E1508,MATCH(EDATE(C10,1),C10:C1508,1))/E10)-1 -> 0.07596786 | K33: =J33*'Portfolio Details'!$D$11 -> 0.003798393
B34: NETFIT | C34: 44385 | D34: 29.18 | E34: 29.16 | F34: 29.17 | H34: =E34/D34-1 -> -0.00068540096 | I34: =H34*'Portfolio Details'!$D$11 -> -3.4270048e-05 | J34: =(INDEX(E11:E1509,MATCH(EDATE(C11,1),C11:C1509,1))/E11)-1 -> 0.058780842 | K34: =J34*'Portfolio Details'!$D$11 -> 0.0029390421
B35: NETFIT | C35: 44386 | D35: 29.16 | E35: 29.09 | F35: 29.12 | H35: =E35/D35-1 -> -0.0024005487 | I35: =H35*'Portfolio Details'!$D$11 -> -0.00012002743 | J35: =(INDEX(E12:E1510,MATCH(EDATE(C12,1),C12:C1510,1))/E12)-1 -> 0.041056765 | K35: =J35*'Portfolio Details'!$D$11 -> 0.0020528383
B36: NETFIT | C36: 44389 | D36: 29.09 | E36: 28.94 | F36: 29.02 | H36: =E36/D36-1 -> -0.0051564111 | I36: =H36*'Portfolio Details'!$D$11 -> -0.00025782056 | J36: =(INDEX(E13:E1511,MATCH(EDATE(C13,1),C13:C1511,1))/E13)-1 -> 0.044899425 | K36: =J36*'Portfolio Details'!$D$11 -> 0.0022449713
... B1242: ITBEES | C1242: 46167 | D1242: 32.02 | E1242: 32.15 | F1242: 32.2 | H1242: =E1242/D1242-1 -> 0.0040599625 | I1242: =H1242*'Portfolio Details'!$D$11 -> 0.00020299813 | J1242: =(INDEX(E1219:E2717,MATCH(EDATE(C1219,1),C1219:C2717,1))/E1219)-1 -> -0.082379863 | K1242: =J1242*'Portfolio Details'!$D$11 -> -0.0041189931

Sheet Healthy
B1: Symbol | C1: Date | D1: Prev Close | E1: Close Price | F1: Average Price | H1: Daily Returns% | I1: Weighted Returns | J1: Rolling Returns | K1: Weighted Rolling Returns
B2: HEALTHY | C2: 44497 | D2: 8.75 | E2: 8.61 | F2: 8.67 | H2: =E2/D2-1 -> -0.016 | I2: =H2*'Portfolio Details'!$D$12 -> -0.0032 | L2: Average daily return % | M2: =AVERAGE(H2:H1134) -> 0.00058372902
B3: HEALTHY | C3: 44498 | D3: 8.61 | E3: 8.67 | F3: 8.66 | H3: =E3/D3-1 -> 0.0069686411 | I3: =H3*'Portfolio Details'!$D$12 -> 0.0013937282
B4: HEALTHY | C4: 44501 | D4: 8.67 | E4: 8.74 | F4: 8.76 | H4: =E4/D4-1 -> 0.0080738178 | I4: =H4*'Portfolio Details'!$D$12 -> 0.0016147636 | L4: Average Monthly return % | M4: =M2*20 -> 0.01167458
B5: HEALTHY | C5: 44502 | D5: 8.74 | E5: 8.64 | F5: 8.65 | H5: =E5/D5-1 -> -0.011441648 | I5: =H5*'Portfolio Details'!$D$12 -> -0.0022883295
B6: HEALTHY | C6: 44503 | D6: 8.64 | E6: 8.63 | F6: 8.67 | H6: =E6/D6-1 -> -0.0011574074 | I6: =H6*'Portfolio Details'!$D$12 -> -0.00023148148 | L6: Average annual return % | M6: =M2*252 -> 0.14709971
B7: HEALTHY | C7: 44504 | D7: 8.63 | E7: 8.67 | F7: 8.69 | H7: =E7/D7-1 -> 0.0046349942 | I7: =H7*'Portfolio Details'!$D$12 -> 0.00092699884
B8: HEALTHY | C8: 44508 | D8: 8.67 | E8: 8.65 | F8: 8.65 | H8: =E8/D8-1 -> -0.0023068051 | I8: =H8*'Portfolio Details'!$D$12 -> -0.00046136101 | L8: CAGR% | M8: =(1+(E1134/E2-1))^(1/5)-1 -> 0.13433511
B9: HEALTHY | C9: 44509 | D9: 8.65 | E9: 8.69 | F9: 8.7 | H9: =E9/D9-1 -> 0.0046242775 | I9: =H9*'Portfolio Details'!$D$12 -> 0.00092485549
B10: HEALTHY | C10: 44510 | D10: 8.69 | E10: 8.65 | F10: 8.68 | H10: =E10/D10-1 -> -0.0046029919 | I10: =H10*'Portfolio Details'!$D$12 -> -0.00092059839 | L10: Risk | M10: =_xlfn.STDEV.P(H2:H1134) -> 0.009116414
B11: HEALTHY | C11: 44511 | D11: 8.65 | E11: 8.69 | F11: 8.71 | H11: =E11/D11-1 -> 0.0046242775 | I11: =H11*'Portfolio Details'!$D$12 -> 0.00092485549
B12: HEALTHY | C12: 44512 | D12: 8.69 | E12: 8.62 | F12: 8.66 | H12: =E12/D12-1 -> -0.0080552359 | I12: =H12*'Portfolio Details'!$D$12 -> -0.0016110472
B13: HEALTHY | C13: 44515 | D13: 8.62 | E13: 8.75 | F13: 8.73 | H13: =E13/D13-1 -> 0.015081206 | I13: =H13*'Portfolio Details'!$D$12 -> 0.0030162413
B14: HEALTHY | C14: 44516 | D14: 8.75 | E14: 8.75 | F14: 8.75 | H14: =E14/D14-1 -> 0 | I14: =H14*'Portfolio Details'!$D$12 -> 0
B15: HEALTHY | C15: 44517 | D15: 8.75 | E15: 8.76 | F15: 8.78 | H15: =E15/D15-1 -> 0.0011428571 | I15: =H15*'Portfolio Details'!$D$12 -> 0.00022857143
B16: HEALTHY | C16: 44518 | D16: 8.76 | E16: 8.66 | F16: 8.71 | H16: =E16/D16-1 -> -0.011415525 | I16: =H16*'Portfolio Details'!$D$12 -> -0.002283105
B17: HEALTHY | C17: 44522 | D17: 8.66 | E17: 8.57 | F17: 8.61 | H17: =E17/D17-1 -> -0.01039261 | I17: =H17*'Portfolio Details'!$D$12 -> -0.0020785219
B18: HEALTHY | C18: 44523 | D18: 8.57 | E18: 8.65 | F18: 8.6 | H18: =E18/D18-1 -> 0.0093348891 | I18: =H18*'Portfolio Details'!$D$12 -> 0.0018669778
B19: HEALTHY | C19: 44524 | D19: 8.65 | E19: 8.61 | F19: 8.64 | H19: =E19/D19-1 -> -0.0046242775 | I19: =H19*'Portfolio Details'!$D$12 -> -0.00092485549
B20: HEALTHY | C20: 44525 | D20: 8.61 | E20: 8.75 | F20: 8.69 | H20: =E20/D20-1 -> 0.016260163 | I20: =H20*'Portfolio Details'!$D$12 -> 0.0032520325
B21: HEALTHY | C21: 44526 | D21: 8.75 | E21: 8.94 | F21: 8.92 | H21: =E21/D21-1 -> 0.021714286 | I21: =H21*'Portfolio Details'!$D$12 -> 0.0043428571
B22: HEALTHY | C22: 44529 | D22: 8.94 | E22: 8.86 | F22: 8.98 | H22: =E22/D22-1 -> -0.0089485459 | I22: =H22*'Portfolio Details'!$D$12 -> -0.0017897092
... B24: HEALTHY | C24: 44531 | D24: 8.8 | E24: 8.69 | F24: 8.76 | H24: =E24/D24-1 -> -0.0125 | I24: =H24*'Portfolio Details'!$D$12 -> -0.0025
B25: HEALTHY | C25: 44532 | D25: 8.69 | E25: 8.77 | F25: 8.76 | H25: =E25/D25-1 -> 0.0092059839 | I25: =H25*'Portfolio Details'!$D$12 -> 0.0018411968 | J25: =(INDEX(E2:E1500,MATCH(EDATE(C2,1),C2:C1500,1))/E2)-1 -> 0.038327526 | K25: =J25*'Portfolio Details'!$D$12 -> 0.0076655052
B26: HEALTHY | C26: 44533 | D26: 8.77 | E26: 8.65 | F26: 8.68 | H26: =E26/D26-1 -> -0.01368301 | I26: =H26*'Portfolio Details'!$D$12 -> -0.0027366021 | J26: =(INDEX(E3:E1501,MATCH(EDATE(C3,1),C3:C1501,1))/E3)-1 -> 0.021914648 | K26: =J26*'Portfolio Details'!$D$12 -> 0.0043829296
B27: HEALTHY | C27: 44536 | D27: 8.65 | E27: 8.49 | F27: 8.56 | H27: =E27/D27-1 -> -0.01849711 | I27: =H27*'Portfolio Details'!$D$12 -> -0.003699422 | J27: =(INDEX(E4:E1502,MATCH(EDATE(C4,1),C4:C1502,1))/E4)-1 -> -0.0057208238 | K27: =J27*'Portfolio Details'!$D$12 -> -0.0011441648
B28: HEALTHY | C28: 44537 | D28: 8.49 | E28: 8.5 | F28: 8.51 | H28: =E28/D28-1 -> 0.0011778563 | I28: =H28*'Portfolio Details'!$D$12 -> 0.00023557126 | J28: =(INDEX(E5:E1503,MATCH(EDATE(C5,1),C5:C1503,1))/E5)-1 -> 0.015046296 | K28: =J28*'Portfolio Details'!$D$12 -> 0.0030092593
B29: HEALTHY | C29: 44538 | D29: 8.5 | E29: 8.58 | F29: 8.57 | H29: =E29/D29-1 -> 0.0094117647 | I29: =H29*'Portfolio Details'!$D$12 -> 0.0018823529 | J29: =(INDEX(E6:E1504,MATCH(EDATE(C6,1),C6:C1504,1))/E6)-1 -> 0.0023174971 | K29: =J29*'Portfolio Details'!$D$12 -> 0.00046349942
B30: HEALTHY | C30: 44539 | D30: 8.58 | E30: 8.59 | F30: 8.6 | H30: =E30/D30-1 -> 0.0011655012 | I30: =H30*'Portfolio Details'!$D$12 -> 0.00023310023 | J30: =(INDEX(E7:E1505,MATCH(EDATE(C7,1),C7:C1505,1))/E7)-1 -> -0.0023068051 | K30: =J30*'Portfolio Details'!$D$12 -> -0.00046136101
B31: HEALTHY | C31: 44540 | D31: 8.59 | E31: 8.59 | F31: 8.62 | H31: =E31/D31-1 -> 0 | I31: =H31*'Portfolio Details'!$D$12 -> 0 | J31: =(INDEX(E8:E1506,MATCH(EDATE(C8,1),C8:C1506,1))/E8)-1 -> -0.0080924855 | K31: =J31*'Portfolio Details'!$D$12 -> -0.0016184971
B32: HEALTHY | C32: 44543 | D32: 8.59 | E32: 8.57 | F32: 8.6 | H32: =E32/D32-1 -> -0.0023282887 | I32: =H32*'Portfolio Details'!$D$12 -> -0.00046565774 | J32: =(INDEX(E9:E1507,MATCH(EDATE(C9,1),C9:C1507,1))/E9)-1 -> -0.01150748 | K32: =J32*'Portfolio Details'!$D$12 -> -0.002301496
B33: HEALTHY | C33: 44544 | D33: 8.57 | E33: 8.6 | F33: 8.54 | H33: =E33/D33-1 -> 0.0035005834 | I33: =H33*'Portfolio Details'!$D$12 -> 0.00070011669 | J33: =(INDEX(E10:E1508,MATCH(EDATE(C10,1),C10:C1508,1))/E10)-1 -> -0.0069364162 | K33: =J33*'Portfolio Details'!$D$12 -> -0.0013872832
B34: HEALTHY | C34: 44545 | D34: 8.6 | E34: 8.6 | F34: 8.6 | H34: =E34/D34-1 -> 0 | I34: =H34*'Portfolio Details'!$D$12 -> 0 | J34: =(INDEX(E11:E1509,MATCH(EDATE(C11,1),C11:C1509,1))/E11)-1 -> -0.01150748 | K34: =J34*'Portfolio Details'!$D$12 -> -0.002301496
B35: HEALTHY | C35: 44546 | D35: 8.6 | E35: 8.53 | F35: 8.55 | H35: =E35/D35-1 -> -0.0081395349 | I35: =H35*'Portfolio Details'!$D$12 -> -0.001627907 | J35: =(INDEX(E12:E1510,MATCH(EDATE(C12,1),C12:C1510,1))/E12)-1 -> -0.0034802784 | K35: =J35*'Portfolio Details'!$D$12 -> -0.00069605568
B36: HEALTHY | C36: 44547 | D36: 8.53 | E36: 8.4 | F36: 8.43 | H36: =E36/D36-1 -> -0.015240328 | I36: =H36*'Portfolio Details'!$D$12 -> -0.0030480657 | J36: =(INDEX(E13:E1511,MATCH(EDATE(C13,1),C13:C1511,1))/E13)-1 -> -0.017142857 | K36: =J36*'Portfolio Details'!$D$12 -> -0.0034285714
... B1134: HEALTHY | C1134: 46167 | D1134: 16.13 | E1134: 16.17 | F1134: 16.14 | H1134: =E1134/D1134-1 -> 0.0024798512 | I1134: =H1134*'Portfolio Details'!$D$12 -> 0.00049597024 | J1134: =(INDEX(E1111:E2609,MATCH(EDATE(C1111,1),C1111:C2609,1))/E1111)-1 -> 0.097119893 | K1134: =J1134*'Portfolio Details'!$D$12 -> 0.019423979
H1135: =E1135/D1135-1 -> #DIV/0! | I1135: =H1135*'Portfolio Details'!$D$12 -> #DIV/0! | J1135: =(INDEX(E1112:E2610,MATCH(EDATE(C1112,1),C1112:C2610,1))/E1112)-1 -> 0.081824279 | K1135: =J1135*'Portfolio Details'!$D$12 -> 0.016364856
H1136: =E1136/D1136-1 -> #DIV/0! | I1136: =H1136*'Portfolio Details'!$D$12 -> #DIV/0! | J1136: =(INDEX(E1113:E2611,MATCH(EDATE(C1113,1),C1113:C2611,1))/E1113)-1 -> 0.063282795 | K1136: =J1136*'Portfolio Details'!$D$12 -> 0.012656559
H1137: =E1137/D1137-1 -> #DIV/0! | I1137: =H1137*'Portfolio Details'!$D$12 -> #DIV/0! | J1137: =(INDEX(E1114:E2612,MATCH(EDATE(C1114,1),C1114:C2612,1))/E1114)-1 -> 0.075333333 | K1137: =J1137*'Portfolio Details'!$D$12 -> 0.015066667
H1138: =E1138/D1138-1 -> #DIV/0! | I1138: =H1138*'Portfolio Details'!$D$12 -> #DIV/0! | J1138: =(INDEX(E1115:E2613,MATCH(EDATE(C1115,1),C1115:C2613,1))/E1115)-1 -> 0.056862745 | K1138: =J1138*'Portfolio Details'!$D$12 -> 0.011372549
H1139: =E1139/D1139-1 -> #DIV/0! | I1139: =H1139*'Portfolio Details'!$D$12 -> #DIV/0! | J1139: =(INDEX(E1116:E2614,MATCH(EDATE(C1116,1),C1116:C2614,1))/E1116)-1 -> 0.063116371 | K1139: =J1139*'Portfolio Details'!$D$12 -> 0.012623274
H1140: =E1140/D1140-1 -> #DIV/0! | I1140: =H1140*'Portfolio Details'!$D$12 -> #DIV/0! | J1140: =(INDEX(E1117:E2615,MATCH(EDATE(C1117,1),C1117:C2615,1))/E1117)-1 -> 0.056172436 | K1140: =J1140*'Portfolio Details'!$D$12 -> 0.011234487
H1141: =E1141/D1141-1 -> #DIV/0! | I1141: =H1141*'Portfolio Details'!$D$12 -> #DIV/0! | J1141: =(INDEX(E1118:E2616,MATCH(EDATE(C1118,1),C1118:C2616,1))/E1118)-1 -> 0.056172436 | K1141: =J1141*'Portfolio Details'!$D$12 -> 0.011234487
H1142: =E1142/D1142-1 -> #DIV/0! | I1142: =H1142*'Portfolio Details'!$D$12 -> #DIV/0! | J1142: =(INDEX(E1119:E2617,MATCH(EDATE(C1119,1),C1119:C2617,1))/E1119)-1 -> 0.047958522 | K1142: =J1142*'Portfolio Details'!$D$12 -> 0.0095917045
H1143: =E1143/D1143-1 -> #DIV/0! | I1143: =H1143*'Portfolio Details'!$D$12 -> #DIV/0! | J1143: =(INDEX(E1120:E2618,MATCH(EDATE(C1120,1),C1120:C2618,1))/E1120)-1 -> 0.039203085 | K1143: =J1143*'Portfolio Details'!$D$12 -> 0.007840617
H1144: =E1144/D1144-1 -> #DIV/0! | I1144: =H1144*'Portfolio Details'!$D$12 -> #DIV/0! | J1144: =(INDEX(E1121:E2619,MATCH(EDATE(C1121,1),C1121:C2619,1))/E1121)-1 -> 0.026015228 | K1144: =J1144*'Portfolio Details'!$D$12 -> 0.0052030457
H1145: =E1145/D1145-1 -> #DIV/0! | I1145: =H1145*'Portfolio Details'!$D$12 -> #DIV/0! | J1145: =(INDEX(E1122:E2620,MATCH(EDATE(C1122,1),C1122:C2620,1))/E1122)-1 -> 0.024714829 | K1145: =J1145*'Portfolio Details'!$D$12 -> 0.0049429658
H1146: =E1146/D1146-1 -> #DIV/0! | I1146: =H1146*'Portfolio Details'!$D$12 -> #DIV/0! | J1146: =(INDEX(E1123:E2621,MATCH(EDATE(C1123,1),C1123:C2621,1))/E1123)-1 -> 0.021478206 | K1146: =J1146*'Portfolio Details'!$D$12 -> 0.0042956412
... H1242: =E1242/D1242-1 -> #DIV/0! | I1242: =H1242*'Portfolio Details'!$D$12 -> #DIV/0! | J1242: =(INDEX(E1219:E2717,MATCH(EDATE(C1219,1),C1219:C2717,1))/E1219)-1 -> #N/A | K1242: =J1242*'Portfolio Details'!$D$12 -> #N/A

Sheet Commodity
B1: Symbol | C1: Date | D1: Prev Close | E1: Close Price | F1: Average Price | H1: Daily Returns%
B2: ICICICOMMO | C2: 44916 | D2: 60.8 | E2: 60.29 | F2: 62.4 | H2: =E2/D2-1 -> -0.0083881579 | L2: Average daily return % | M2: =AVERAGE(H2:H848) -> 0.00070012727
B3: ICICICOMMO | C3: 44917 | D3: 60.29 | E3: 58.76 | F3: 59.66 | H3: =E3/D3-1 -> -0.025377343
B4: ICICICOMMO | C4: 44918 | D4: 58.76 | E4: 58.25 | F4: 58.77 | H4: =E4/D4-1 -> -0.0086793737 | L4: Average Monthly return % | M4: =M2*20 -> 0.014002545
B5: ICICICOMMO | C5: 44921 | D5: 58.25 | E5: 58.15 | F5: 58.05 | H5: =E5/D5-1 -> -0.0017167382
B6: ICICICOMMO | C6: 44922 | D6: 58.15 | E6: 59.18 | F6: 58.79 | H6: =E6/D6-1 -> 0.017712812 | L6: Average annual return % | M6: =M2*252 -> 0.17643207
B7: ICICICOMMO | C7: 44923 | D7: 59.18 | E7: 59.39 | F7: 59.47 | H7: =E7/D7-1 -> 0.0035484961
B8: ICICICOMMO | C8: 44924 | D8: 59.39 | E8: 58.51 | F8: 58.57 | H8: =E8/D8-1 -> -0.014817309 | L8: CAGR% | M8: =(1+(E848/E2-1))^(1/3.6)-1 -> 0.16683458
B9: ICICICOMMO | C9: 44925 | D9: 58.51 | E9: 59.61 | F9: 59.71 | H9: =E9/D9-1 -> 0.018800205
B10: ICICICOMMO | C10: 44928 | D10: 59.61 | E10: 60.32 | F10: 59.97 | H10: =E10/D10-1 -> 0.011910753 | L10: Risk | M10: =_xlfn.STDEV.P(H2:H848) -> 0.010388264
B11: ICICICOMMO | C11: 44929 | D11: 60.32 | E11: 59.76 | F11: 59.88 | H11: =E11/D11-1 -> -0.0092838196
B12: ICICICOMMO | C12: 44930 | D12: 59.76 | E12: 59.25 | F12: 59.3 | H12: =E12/D12-1 -> -0.0085341365
B13: ICICICOMMO | C13: 44931 | D13: 59.25 | E13: 59.5 | F13: 59.53 | H13: =E13/D13-1 -> 0.0042194093
B14: ICICICOMMO | C14: 44932 | D14: 59.5 | E14: 59.56 | F14: 59.95 | H14: =E14/D14-1 -> 0.0010084034
B15: ICICICOMMO | C15: 44936 | D15: 59.56 | E15: 59.43 | F15: 59.44 | H15: =E15/D15-1 -> -0.0021826729
B16: ICICICOMMO | C16: 44937 | D16: 59.43 | E16: 59.56 | F16: 59.57 | H16: =E16/D16-1 -> 0.0021874474
B17: ICICICOMMO | C17: 44938 | D17: 59.56 | E17: 59.45 | F17: 59.46 | H17: =E17/D17-1 -> -0.0018468771
B18: ICICICOMMO | C18: 44939 | D18: 59.45 | E18: 59.57 | F18: 59.72 | H18: =E18/D18-1 -> 0.0020185029
B19: ICICICOMMO | C19: 44942 | D19: 59.57 | E19: 59.57 | F19: 59.83 | H19: =E19/D19-1 -> 0
B20: ICICICOMMO | C20: 44943 | D20: 59.57 | E20: 60.35 | F20: 59.96 | H20: =E20/D20-1 -> 0.013093839
B21: ICICICOMMO | C21: 44944 | D21: 60.35 | E21: 60.5 | F21: 60.48 | H21: =E21/D21-1 -> 0.0024855012
B22: ICICICOMMO | C22: 44945 | D22: 60.5 | E22: 60.5 | F22: 60.46 | H22: =E22/D22-1 -> 0
... B848: COMMOIETF | C848: 46167 | D848: 104.39 | E848: 105.07 | F848: 104.72 | H848: =E848/D848-1 -> 0.0065140339
H849: =E849/D849-1 -> #DIV/0!
H850: =E850/D850-1 -> #DIV/0!
H851: =E851/D851-1 -> #DIV/0!
H852: =E852/D852-1 -> #DIV/0!
H853: =E853/D853-1 -> #DIV/0!
H854: =E854/D854-1 -> #DIV/0!
H855: =E855/D855-1 -> #DIV/0!
H856: =E856/D856-1 -> #DIV/0!
H857: =E857/D857-1 -> #DIV/0!
H858: =E858/D858-1 -> #DIV/0!
H859: =E859/D859-1 -> #DIV/0!
H860: =E860/D860-1 -> #DIV/0!
... H1242: =E1242/D1242-1 -> #DIV/0!

Sheet Hangseng
B1: Symbol | C1: Date | D1: Prev Close | E1: Close Price | F1: Average Price | H1: Daily Returns% | I1: Weighted Returns | J1: Rolling Returns | K1: Weighted Rolling Returns
B2: HNGSNGBEES | C2: 44341 | D2: 352.2 | E2: 351.99 | F2: 353.98 | H2: =E2/D2-1 -> -0.00059625213 | I2: =H2*'Portfolio Details'!$D$9 -> -9.4042715e-05 | L2: Average daily return % | M2: =AVERAGE(H2:H1242) -> 0.00047788031
B3: HNGSNGBEES | C3: 44342 | D3: 351.99 | E3: 352.1 | F3: 352.75 | H3: =E3/D3-1 -> 0.00031250888 | I3: =H3*'Portfolio Details'!$D$9 -> 4.9289859e-05
B4: HNGSNGBEES | C4: 44343 | D4: 352.1 | E4: 350.38 | F4: 352.32 | H4: =E4/D4-1 -> -0.0048849759 | I4: =H4*'Portfolio Details'!$D$9 -> -0.00077047338 | L4: Average Monthly return % | M4: =M2*20 -> 0.0095576061
B5: HNGSNGBEES | C5: 44344 | D5: 350.38 | E5: 350.52 | F5: 351.06 | H5: =E5/D5-1 -> 0.00039956619 | I5: =H5*'Portfolio Details'!$D$9 -> 6.3020805e-05
B6: HNGSNGBEES | C6: 44347 | D6: 350.52 | E6: 351.92 | F6: 352.36 | H6: =E6/D6-1 -> 0.003994066 | I6: =H6*'Portfolio Details'!$D$9 -> 0.00062995634 | L6: Average annual return % | M6: =M2*252 -> 0.12042584
B7: HNGSNGBEES | C7: 44348 | D7: 351.92 | E7: 352.2 | F7: 352.18 | H7: =E7/D7-1 -> 0.00079563537 | I7: =H7*'Portfolio Details'!$D$9 -> 0.00012549005
B8: HNGSNGBEES | C8: 44349 | D8: 352.2 | E8: 351 | F8: 351.1 | H8: =E8/D8-1 -> -0.003407155 | I8: =H8*'Portfolio Details'!$D$9 -> -0.00053738694 | L8: CAGR% | M8: =(1+(E1242/E2-1))^(1/5)-1 -> 0.087918962
B9: HNGSNGBEES | C9: 44350 | D9: 351 | E9: 351.71 | F9: 351.85 | H9: =E9/D9-1 -> 0.002022792 | I9: =H9*'Portfolio Details'!$D$9 -> 0.00031904096
B10: HNGSNGBEES | C10: 44351 | D10: 351.71 | E10: 352.82 | F10: 352.38 | H10: =E10/D10-1 -> 0.0031560092 | I10: =H10*'Portfolio Details'!$D$9 -> 0.00049777546 | L10: Risk | M10: =_xlfn.STDEV.P(H2:H1242) -> 0.016674539
B11: HNGSNGBEES | C11: 44354 | D11: 352.82 | E11: 354.33 | F11: 352.64 | H11: =E11/D11-1 -> 0.0042798027 | I11: =H11*'Portfolio Details'!$D$9 -> 0.00067502362
B12: HNGSNGBEES | C12: 44355 | D12: 354.33 | E12: 356.35 | F12: 355.67 | H12: =E12/D12-1 -> 0.0057009003 | I12: =H12*'Portfolio Details'!$D$9 -> 0.00089916348
B13: HNGSNGBEES | C13: 44356 | D13: 356.35 | E13: 353.21 | F13: 353.11 | H13: =E13/D13-1 -> -0.0088115617 | I13: =H13*'Portfolio Details'!$D$9 -> -0.0013897865
B14: HNGSNGBEES | C14: 44357 | D14: 353.21 | E14: 355.51 | F14: 355.62 | H14: =E14/D14-1 -> 0.0065117069 | I14: =H14*'Portfolio Details'!$D$9 -> 0.0010270464
B15: HNGSNGBEES | C15: 44358 | D15: 355.51 | E15: 355.86 | F15: 357.35 | H15: =E15/D15-1 -> 0.00098450114 | I15: =H15*'Portfolio Details'!$D$9 -> 0.00015527854
B16: HNGSNGBEES | C16: 44361 | D16: 355.86 | E16: 358.56 | F16: 355.97 | H16: =E16/D16-1 -> 0.0075872534 | I16: =H16*'Portfolio Details'!$D$9 -> 0.0011966849
B17: HNGSNGBEES | C17: 44362 | D17: 358.56 | E17: 357.28 | F17: 357.03 | H17: =E17/D17-1 -> -0.0035698349 | I17: =H17*'Portfolio Details'!$D$9 -> -0.00056304531
B18: HNGSNGBEES | C18: 44363 | D18: 357.28 | E18: 355.09 | F18: 356.29 | H18: =E18/D18-1 -> -0.0061296462 | I18: =H18*'Portfolio Details'!$D$9 -> -0.00096678661
B19: HNGSNGBEES | C19: 44364 | D19: 355.09 | E19: 352.96 | F19: 353.77 | H19: =E19/D19-1 -> -0.0059984793 | I19: =H19*'Portfolio Details'!$D$9 -> -0.00094609855
B20: HNGSNGBEES | C20: 44365 | D20: 352.96 | E20: 353.85 | F20: 352.62 | H20: =E20/D20-1 -> 0.0025215322 | I20: =H20*'Portfolio Details'!$D$9 -> 0.00039770379
B21: HNGSNGBEES | C21: 44368 | D21: 353.85 | E21: 352.67 | F21: 352.73 | H21: =E21/D21-1 -> -0.0033347464 | I21: =H21*'Portfolio Details'!$D$9 -> -0.00052596643
B22: HNGSNGBEES | C22: 44369 | D22: 352.67 | E22: 353.98 | F22: 353.87 | H22: =E22/D22-1 -> 0.0037145207 | I22: =H22*'Portfolio Details'!$D$9 -> 0.00058586559
... B24: HNGSNGBEES | C24: 44371 | D24: 351.16 | E24: 353.7 | F24: 353.55 | H24: =E24/D24-1 -> 0.0072331701 | I24: =H24*'Portfolio Details'!$D$9 -> 0.0011408378
B25: HNGSNGBEES | C25: 44372 | D25: 353.7 | E25: 352.93 | F25: 352.77 | H25: =E25/D25-1 -> -0.0021769861 | I25: =H25*'Portfolio Details'!$D$9 -> -0.00034336093 | J25: =(INDEX(E2:E1500,MATCH(EDATE(C2,1),C2:C1500,1))/E2)-1 -> 0.0026705304 | K25: =J25*'Portfolio Details'!$D$9 -> 0.00042120425
B26: HNGSNGBEES | C26: 44375 | D26: 352.93 | E26: 360.58 | F26: 358.52 | H26: =E26/D26-1 -> 0.021675686 | I26: =H26*'Portfolio Details'!$D$9 -> 0.0034187558 | J26: =(INDEX(E3:E1501,MATCH(EDATE(C3,1),C3:C1501,1))/E3)-1 -> 0.0023572849 | K26: =J26*'Portfolio Details'!$D$9 -> 0.0003717982
B27: HNGSNGBEES | C27: 44376 | D27: 360.58 | E27: 358.54 | F27: 360.73 | H27: =E27/D27-1 -> -0.0056575517 | I27: =H27*'Portfolio Details'!$D$9 -> -0.00089232642 | J27: =(INDEX(E4:E1502,MATCH(EDATE(C4,1),C4:C1502,1))/E4)-1 -> 0.0072778127 | K27: =J27*'Portfolio Details'!$D$9 -> 0.0011478789
B28: HNGSNGBEES | C28: 44377 | D28: 358.54 | E28: 355.99 | F28: 354.91 | H28: =E28/D28-1 -> -0.0071121772 | I28: =H28*'Portfolio Details'!$D$9 -> -0.0011217544 | J28: =(INDEX(E5:E1503,MATCH(EDATE(C5,1),C5:C1503,1))/E5)-1 -> 0.028700217 | K28: =J28*'Portfolio Details'!$D$9 -> 0.0045266863
B29: HNGSNGBEES | C29: 44378 | D29: 355.99 | E29: 355.32 | F29: 357.89 | H29: =E29/D29-1 -> -0.0018820753 | I29: =H29*'Portfolio Details'!$D$9 -> -0.0002968467 | J29: =(INDEX(E6:E1504,MATCH(EDATE(C6,1),C6:C1504,1))/E6)-1 -> 0.011565128 | K29: =J29*'Portfolio Details'!$D$9 -> 0.0018240875
B30: HNGSNGBEES | C30: 44379 | D30: 355.32 | E30: 355.24 | F30: 356.11 | H30: =E30/D30-1 -> -0.00022514916 | I30: =H30*'Portfolio Details'!$D$9 -> -3.5511216e-05 | J30: =(INDEX(E7:E1505,MATCH(EDATE(C7,1),C7:C1505,1))/E7)-1 -> 0.0088586031 | K30: =J30*'Portfolio Details'!$D$9 -> 0.0013972061
B31: HNGSNGBEES | C31: 44382 | D31: 355.24 | E31: 359.39 | F31: 359.82 | H31: =E31/D31-1 -> 0.011682243 | I31: =H31*'Portfolio Details'!$D$9 -> 0.0018425592 | J31: =(INDEX(E8:E1506,MATCH(EDATE(C8,1),C8:C1506,1))/E8)-1 -> 0.012079772 | K31: =J31*'Portfolio Details'!$D$9 -> 0.0019052587
B32: HNGSNGBEES | C32: 44383 | D32: 359.39 | E32: 358.34 | F32: 359.16 | H32: =E32/D32-1 -> -0.0029216172 | I32: =H32*'Portfolio Details'!$D$9 -> -0.00046080643 | J32: =(INDEX(E9:E1507,MATCH(EDATE(C9,1),C9:C1507,1))/E9)-1 -> 0.010036678 | K32: =J32*'Portfolio Details'!$D$9 -> 0.0015830156
B33: HNGSNGBEES | C33: 44384 | D33: 358.34 | E33: 359.61 | F33: 359.95 | H33: =E33/D33-1 -> 0.0035441201 | I33: =H33*'Portfolio Details'!$D$9 -> 0.0005589895 | J33: =(INDEX(E10:E1508,MATCH(EDATE(C10,1),C10:C1508,1))/E10)-1 -> 0.0068590216 | K33: =J33*'Portfolio Details'!$D$9 -> 0.0010818259
B34: HNGSNGBEES | C34: 44385 | D34: 359.61 | E34: 357.53 | F34: 357.67 | H34: =E34/D34-1 -> -0.0057840438 | I34: =H34*'Portfolio Details'!$D$9 -> -0.00091227714 | J34: =(INDEX(E11:E1509,MATCH(EDATE(C11,1),C11:C1509,1))/E11)-1 -> 0.014901363 | K34: =J34*'Portfolio Details'!$D$9 -> 0.0023502887
B35: HNGSNGBEES | C35: 44386 | D35: 357.53 | E35: 355.86 | F35: 356.11 | H35: =E35/D35-1 -> -0.0046709367 | I35: =H35*'Portfolio Details'!$D$9 -> -0.00073671447 | J35: =(INDEX(E12:E1510,MATCH(EDATE(C12,1),C12:C1510,1))/E12)-1 -> 0.0033113512 | K35: =J35*'Portfolio Details'!$D$9 -> 0.00052227647
B36: HNGSNGBEES | C36: 44389 | D36: 355.86 | E36: 352.77 | F36: 355.32 | H36: =E36/D36-1 -> -0.00868319 | I36: =H36*'Portfolio Details'!$D$9 -> -0.0013695394 | J36: =(INDEX(E13:E1511,MATCH(EDATE(C13,1),C13:C1511,1))/E13)-1 -> 0.0075026188 | K36: =J36*'Portfolio Details'!$D$9 -> 0.0011833361
... B1242: HNGSNGBEES | C1242: 46167 | D1242: 534.25 | E1242: 536.43 | F1242: 536.77 | H1242: =E1242/D1242-1 -> 0.0040804867 | I1242: =H1242*'Portfolio Details'!$D$9 -> 0.00064358688 | J1242: =(INDEX(E1219:E2717,MATCH(EDATE(C1219,1),C1219:C2717,1))/E1219)-1 -> -0.0039127586 | K1242: =J1242*'Portfolio Details'!$D$9 -> -0.00061713229

Sheet Nasdaq
B1: Symbol | C1: Date | D1: Prev Close | E1: Close Price | F1: Average Price | H1: Daily Returns% | I1: Weighted Returns | J1: Rolling Returns | K1: Weighted Rolling Returns
B2: MON100 | C2: 44365 | D2: 100.87 | E2: 104.23 | F2: 103.83 | H2: =E2/D2-1 -> 0.033310201 | I2: =H2*'Portfolio Details'!$D$10 -> 0.0030737632 | L2: Average daily return % | M2: =AVERAGE(H2:H1224) -> 0.0010573284
B3: MON100 | C3: 44368 | D3: 104.23 | E3: 103.41 | F3: 102.92 | H3: =E3/D3-1 -> -0.0078672167 | I3: =H3*'Portfolio Details'!$D$10 -> -0.00072596262
B4: MON100 | C4: 44369 | D4: 103.41 | E4: 103.57 | F4: 103.49 | H4: =E4/D4-1 -> 0.0015472391 | I4: =H4*'Portfolio Details'!$D$10 -> 0.00014277448 | L4: Average Monthly return % | M4: =M2*20 -> 0.021146568
B5: MON100 | C5: 44370 | D5: 103.57 | E5: 104.13 | F5: 104.32 | H5: =E5/D5-1 -> 0.0054069711 | I5: =H5*'Portfolio Details'!$D$10 -> 0.00049893871
B6: MON100 | C6: 44371 | D6: 104.13 | E6: 104.97 | F6: 105.3 | H6: =E6/D6-1 -> 0.0080668395 | I6: =H6*'Portfolio Details'!$D$10 -> 0.0007443832 | L6: Average annual return % | M6: =M2*252 -> 0.26644675
B7: MON100 | C7: 44372 | D7: 104.97 | E7: 105.34 | F7: 105.27 | H7: =E7/D7-1 -> 0.0035248166 | I7: =H7*'Portfolio Details'!$D$10 -> 0.00032525926
B8: MON100 | C8: 44375 | D8: 105.34 | E8: 105.41 | F8: 105.26 | H8: =E8/D8-1 -> 0.0006645149 | I8: =H8*'Portfolio Details'!$D$10 -> 6.1319397e-05 | L8: CAGR% | M8: =(1+(E1224/E2-1))^(1/5)-1 -> 0.25976138
B9: MON100 | C9: 44376 | D9: 105.41 | E9: 106.47 | F9: 106.37 | H9: =E9/D9-1 -> 0.010055972 | I9: =H9*'Portfolio Details'!$D$10 -> 0.00092793424
B10: MON100 | C10: 44377 | D10: 106.47 | E10: 107.2 | F10: 107.16 | H10: =E10/D10-1 -> 0.0068563915 | I10: =H10*'Portfolio Details'!$D$10 -> 0.00063268677 | L10: Risk | M10: =_xlfn.STDEV.P(H2:H1224) -> 0.013115289
B11: MON100 | C11: 44378 | D11: 107.2 | E11: 107.25 | F11: 107.15 | H11: =E11/D11-1 -> 0.00046641791 | I11: =H11*'Portfolio Details'!$D$10 -> 4.3039614e-05
B12: MON100 | C12: 44379 | D12: 107.25 | E12: 107.79 | F12: 107.54 | H12: =E12/D12-1 -> 0.005034965 | I12: =H12*'Portfolio Details'!$D$10 -> 0.00046461113
B13: MON100 | C13: 44382 | D13: 107.79 | E13: 108.33 | F13: 108.45 | H13: =E13/D13-1 -> 0.0050097412 | I13: =H13*'Portfolio Details'!$D$10 -> 0.00046228354
B14: MON100 | C14: 44383 | D14: 108.33 | E14: 108.13 | F14: 108.05 | H14: =E14/D14-1 -> -0.0018462107 | I14: =H14*'Portfolio Details'!$D$10 -> -0.00017036265
B15: MON100 | C15: 44384 | D15: 108.13 | E15: 108.74 | F15: 108.63 | H15: =E15/D15-1 -> 0.0056413576 | I15: =H15*'Portfolio Details'!$D$10 -> 0.00052056717
B16: MON100 | C16: 44385 | D16: 108.74 | E16: 108.19 | F16: 108.65 | H16: =E16/D16-1 -> -0.0050579364 | I16: =H16*'Portfolio Details'!$D$10 -> -0.00046673085
B17: MON100 | C17: 44386 | D17: 108.19 | E17: 108.56 | F17: 108.56 | H17: =E17/D17-1 -> 0.0034199094 | I17: =H17*'Portfolio Details'!$D$10 -> 0.00031557875
B18: MON100 | C18: 44389 | D18: 108.56 | E18: 109.26 | F18: 109.12 | H18: =E18/D18-1 -> 0.0064480472 | I18: =H18*'Portfolio Details'!$D$10 -> 0.00059500601
B19: MON100 | C19: 44390 | D19: 109.26 | E19: 109.61 | F19: 109.6 | H19: =E19/D19-1 -> 0.0032033681 | I19: =H19*'Portfolio Details'!$D$10 -> 0.00029559698
B20: MON100 | C20: 44391 | D20: 109.61 | E20: 110.07 | F20: 109.81 | H20: =E20/D20-1 -> 0.0041966974 | I20: =H20*'Portfolio Details'!$D$10 -> 0.00038725836
B21: MON100 | C21: 44392 | D21: 110.07 | E21: 109.6 | F21: 109.86 | H21: =E21/D21-1 -> -0.00427001 | I21: =H21*'Portfolio Details'!$D$10 -> -0.00039402342
B22: MON100 | C22: 44393 | D22: 109.6 | E22: 109.02 | F22: 108.91 | H22: =E22/D22-1 -> -0.0052919708 | I22: =H22*'Portfolio Details'!$D$10 -> -0.00048832683
... B24: MON100 | C24: 44397 | D24: 107.95 | E24: 107.71 | F24: 107.72 | H24: =E24/D24-1 -> -0.0022232515 | I24: =H24*'Portfolio Details'!$D$10 -> -0.00020515483
B25: MON100 | C25: 44399 | D25: 107.71 | E25: 109.05 | F25: 109.19 | H25: =E25/D25-1 -> 0.012440813 | I25: =H25*'Portfolio Details'!$D$10 -> 0.0011480001 | J25: =(INDEX(E2:E1500,MATCH(EDATE(C2,1),C2:C1500,1))/E2)-1 -> 0.045956059 | K25: =J25*'Portfolio Details'!$D$10 -> 0.0042406841
B26: MON100 | C26: 44400 | D26: 109.05 | E26: 110.05 | F26: 110.35 | H26: =E26/D26-1 -> 0.0091701055 | I26: =H26*'Portfolio Details'!$D$10 -> 0.0008461892 | J26: =(INDEX(E3:E1501,MATCH(EDATE(C3,1),C3:C1501,1))/E3)-1 -> 0.041582052 | K26: =J26*'Portfolio Details'!$D$10 -> 0.0038370642
B27: MON100 | C27: 44403 | D27: 110.05 | E27: 110.85 | F27: 110.93 | H27: =E27/D27-1 -> 0.007269423 | I27: =H27*'Portfolio Details'!$D$10 -> 0.00067080005 | J27: =(INDEX(E4:E1502,MATCH(EDATE(C4,1),C4:C1502,1))/E4)-1 -> 0.052911075 | K27: =J27*'Portfolio Details'!$D$10 -> 0.0048824716
B28: MON100 | C28: 44404 | D28: 110.85 | E28: 111.12 | F28: 111.09 | H28: =E28/D28-1 -> 0.002435724 | I28: =H28*'Portfolio Details'!$D$10 -> 0.00022476113 | J28: =(INDEX(E5:E1503,MATCH(EDATE(C5,1),C5:C1503,1))/E5)-1 -> 0.056852012 | K28: =J28*'Portfolio Details'!$D$10 -> 0.0052461292
B29: MON100 | C29: 44405 | D29: 111.12 | E29: 110.37 | F29: 110.06 | H29: =E29/D29-1 -> -0.00674946 | I29: =H29*'Portfolio Details'!$D$10 -> -0.00062281947 | J29: =(INDEX(E6:E1504,MATCH(EDATE(C6,1),C6:C1504,1))/E6)-1 -> 0.048394779 | K29: =J29*'Portfolio Details'!$D$10 -> 0.0044657218
B30: MON100 | C30: 44406 | D30: 110.37 | E30: 110.4 | F30: 110.36 | H30: =E30/D30-1 -> 0.00027181299 | I30: =H30*'Portfolio Details'!$D$10 -> 2.5082069e-05 | J30: =(INDEX(E7:E1505,MATCH(EDATE(C7,1),C7:C1505,1))/E7)-1 -> 0.04471236 | K30: =J30*'Portfolio Details'!$D$10 -> 0.0041259194
B31: MON100 | C31: 44407 | D31: 110.4 | E31: 109.51 | F31: 109.32 | H31: =E31/D31-1 -> -0.0080615942 | I31: =H31*'Portfolio Details'!$D$10 -> -0.00074389918 | J31: =(INDEX(E8:E1506,MATCH(EDATE(C8,1),C8:C1506,1))/E8)-1 -> 0.047054359 | K31: =J31*'Portfolio Details'!$D$10 -> 0.0043420319
B32: MON100 | C32: 44410 | D32: 109.51 | E32: 110.58 | F32: 110.67 | H32: =E32/D32-1 -> 0.0097707972 | I32: =H32*'Portfolio Details'!$D$10 -> 0.00090161919 | J32: =(INDEX(E9:E1507,MATCH(EDATE(C9,1),C9:C1507,1))/E9)-1 -> 0.036911806 | K32: =J32*'Portfolio Details'!$D$10 -> 0.0034061082
B33: MON100 | C33: 44411 | D33: 110.58 | E33: 110.05 | F33: 110.14 | H33: =E33/D33-1 -> -0.0047929101 | I33: =H33*'Portfolio Details'!$D$10 -> -0.00044227504 | J33: =(INDEX(E10:E1508,MATCH(EDATE(C10,1),C10:C1508,1))/E10)-1 -> 0.021548507 | K33: =J33*'Portfolio Details'!$D$10 -> 0.0019884302
B34: MON100 | C34: 44412 | D34: 110.05 | E34: 110.45 | F34: 110.49 | H34: =E34/D34-1 -> 0.0036347115 | I34: =H34*'Portfolio Details'!$D$10 -> 0.00033540003 | J34: =(INDEX(E11:E1509,MATCH(EDATE(C11,1),C11:C1509,1))/E11)-1 -> 0.021072261 | K34: =J34*'Portfolio Details'!$D$10 -> 0.0019444836
B35: MON100 | C35: 44413 | D35: 110.45 | E35: 110.53 | F35: 110.62 | H35: =E35/D35-1 -> 0.00072430964 | I35: =H35*'Portfolio Details'!$D$10 -> 6.6837072e-05 | J35: =(INDEX(E12:E1510,MATCH(EDATE(C12,1),C12:C1510,1))/E12)-1 -> 0.025883663 | K35: =J35*'Portfolio Details'!$D$10 -> 0.002388465
B36: MON100 | C36: 44414 | D36: 110.53 | E36: 111.24 | F36: 111.34 | H36: =E36/D36-1 -> 0.0064235954 | I36: =H36*'Portfolio Details'!$D$10 -> 0.00059274968 | J36: =(INDEX(E13:E1511,MATCH(EDATE(C13,1),C13:C1511,1))/E13)-1 -> 0.020308317 | K36: =J36*'Portfolio Details'!$D$10 -> 0.0018739892
... B1224: MON100 | C1224: 46167 | D1224: 332.13 | E1224: 330.7 | F1224: 330.7 | H1224: =E1224/D1224-1 -> -0.004305543 | I1224: =H1224*'Portfolio Details'!$D$10 -> -0.0003973023 | J1224: =(INDEX(E1201:E2699,MATCH(EDATE(C1201,1),C1201:C2699,1))/E1201)-1 -> 0.12627066 | K1224: =J1224*'Portfolio Details'!$D$10 -> 0.011651869
J1225: =(INDEX(E1202:E2700,MATCH(EDATE(C1202,1),C1202:C2700,1))/E1202)-1 -> 0.14618491 | K1225: =J1225*'Portfolio Details'!$D$10 -> 0.013489495
J1226: =(INDEX(E1203:E2701,MATCH(EDATE(C1203,1),C1203:C2701,1))/E1203)-1 -> 0.14571044 | K1226: =J1226*'Portfolio Details'!$D$10 -> 0.013445713
J1227: =(INDEX(E1204:E2702,MATCH(EDATE(C1204,1),C1204:C2702,1))/E1204)-1 -> 0.13304677 | K1227: =J1227*'Portfolio Details'!$D$10 -> 0.012277148
J1228: =(INDEX(E1205:E2703,MATCH(EDATE(C1205,1),C1205:C2703,1))/E1205)-1 -> 0.12063707 | K1228: =J1228*'Portfolio Details'!$D$10 -> 0.011132019
J1229: =(INDEX(E1206:E2704,MATCH(EDATE(C1206,1),C1206:C2704,1))/E1206)-1 -> 0.097613595 | K1229: =J1229*'Portfolio Details'!$D$10 -> 0.0090074831
J1230: =(INDEX(E1207:E2705,MATCH(EDATE(C1207,1),C1207:C2705,1))/E1207)-1 -> 0.098306211 | K1230: =J1230*'Portfolio Details'!$D$10 -> 0.0090713955
J1231: =(INDEX(E1208:E2706,MATCH(EDATE(C1208,1),C1208:C2706,1))/E1208)-1 -> 0.10539158 | K1231: =J1231*'Portfolio Details'!$D$10 -> 0.009725212
J1232: =(INDEX(E1209:E2707,MATCH(EDATE(C1209,1),C1209:C2707,1))/E1209)-1 -> 0.095504687 | K1232: =J1232*'Portfolio Details'!$D$10 -> 0.0088128795
J1233: =(INDEX(E1210:E2708,MATCH(EDATE(C1210,1),C1210:C2708,1))/E1210)-1 -> 0.084120115 | K1233: =J1233*'Portfolio Details'!$D$10 -> 0.0077623462
J1234: =(INDEX(E1211:E2709,MATCH(EDATE(C1211,1),C1211:C2709,1))/E1211)-1 -> 0.074329153 | K1234: =J1234*'Portfolio Details'!$D$10 -> 0.0068588662
J1235: =(INDEX(E1212:E2710,MATCH(EDATE(C1212,1),C1212:C2710,1))/E1212)-1 -> 0.05824 | K1235: =J1235*'Portfolio Details'!$D$10 -> 0.0053742085
J1236: =(INDEX(E1213:E2711,MATCH(EDATE(C1213,1),C1213:C2711,1))/E1213)-1 -> 0.043975124 | K1236: =J1236*'Portfolio Details'!$D$10 -> 0.0040578895
... J1242: =(INDEX(E1219:E2717,MATCH(EDATE(C1219,1),C1219:C2717,1))/E1219)-1 -> -0.0027742597 | K1242: =J1242*'Portfolio Details'!$D$10 -> -0.00025600017

Sheet Portfolio Returns
B1: Date | C1: NIFTY50_Close | D1: Nifty Daily | E1: PF Daily % | F1: Monthly Rolling Returns
B2: 44599 | C2: 17213.6 | E2: =Silverbees!I2+Goldbees!I179+Giltbees!I176+Bankbees!I179+ITbees!I179+Healthy!I71+Hangseng!I179+Nasdaq!I161 -> -0.0082363348 | F2: =Silverbees!K2+Goldbees!K179+Giltbees!K176+Bankbees!K179+ITbees!K179+Healthy!K71+Hangseng!K179+Nasdaq!K161 -> -0.0063532393
B3: 44600 | C3: 17266.75 | D3: =C3/C2-1 -> 0.0030876976 | E3: =Silverbees!I3+Goldbees!I180+Giltbees!I177+Bankbees!I180+ITbees!I180+Healthy!I72+Hangseng!I180+Nasdaq!I162 -> 0.0021449111 | F3: =Silverbees!K3+Goldbees!K180+Giltbees!K177+Bankbees!K180+ITbees!K180+Healthy!K72+Hangseng!K180+Nasdaq!K162 -> -0.0084801502
B4: 44601 | C4: 17463.801 | D4: =C4/C3-1 -> 0.011412152 | E4: =Silverbees!I4+Goldbees!I181+Giltbees!I178+Bankbees!I181+ITbees!I181+Healthy!I73+Hangseng!I181+Nasdaq!I163 -> 0.0077605398 | F4: =Silverbees!K4+Goldbees!K181+Giltbees!K178+Bankbees!K181+ITbees!K181+Healthy!K73+Hangseng!K181+Nasdaq!K163 -> 0.00060470206
B5: 44602 | C5: 17605.85 | D5: =C5/C4-1 -> 0.0081339011 | E5: =Silverbees!I5+Goldbees!I182+Giltbees!I179+Bankbees!I182+ITbees!I182+Healthy!I74+Hangseng!I182+Nasdaq!I164 -> 0.0063986852 | F5: =Silverbees!K5+Goldbees!K182+Giltbees!K179+Bankbees!K182+ITbees!K182+Healthy!K74+Hangseng!K182+Nasdaq!K164 -> -0.0095474701
B6: 44603 | C6: 17374.75 | D6: =C6/C5-1 -> -0.013126297 | E6: =Silverbees!I6+Goldbees!I183+Giltbees!I180+Bankbees!I183+ITbees!I183+Healthy!I75+Hangseng!I183+Nasdaq!I165 -> -0.0067936608 | F6: =Silverbees!K6+Goldbees!K183+Giltbees!K180+Bankbees!K183+ITbees!K183+Healthy!K75+Hangseng!K183+Nasdaq!K165 -> 0.0025350862
B7: 44606 | C7: 16842.801 | D7: =C7/C6-1 -> -0.030616223 | E7: =Silverbees!I7+Goldbees!I184+Giltbees!I181+Bankbees!I184+ITbees!I184+Healthy!I76+Hangseng!I184+Nasdaq!I166 -> -0.0098220047 | F7: =Silverbees!K7+Goldbees!K184+Giltbees!K181+Bankbees!K184+ITbees!K184+Healthy!K76+Hangseng!K184+Nasdaq!K166 -> -0.0051250932 | H7: COV | I7: =_xlfn.COVARIANCE.S(D3:D1060,E3:E1060) -> 1.506483e-05
B8: 44607 | C8: 17352.449 | D8: =C8/C7-1 -> 0.030259126 | E8: =Silverbees!I8+Goldbees!I185+Giltbees!I182+Bankbees!I185+ITbees!I185+Healthy!I77+Hangseng!I185+Nasdaq!I167 -> 0.0089008291 | F8: =Silverbees!K8+Goldbees!K185+Giltbees!K182+Bankbees!K185+ITbees!K185+Healthy!K77+Hangseng!K185+Nasdaq!K167 -> -0.0098395071 | H8: Nifty 50 Tri Std Dev | I8: =(_xlfn.STDEV.P(D3:D1060))^2 -> 7.6298573e-05
B9: 44608 | C9: 17322.199 | D9: =C9/C8-1 -> -0.0017432698 | E9: =Silverbees!I9+Goldbees!I186+Giltbees!I183+Bankbees!I186+ITbees!I186+Healthy!I78+Hangseng!I186+Nasdaq!I168 -> -2.7495242e-05 | F9: =Silverbees!K9+Goldbees!K186+Giltbees!K183+Bankbees!K186+ITbees!K186+Healthy!K78+Hangseng!K186+Nasdaq!K168 -> -0.011437961 | H9: Beta | I9: =I7/I8 -> 0.19744577
B10: 44609 | C10: 17304.6 | D10: =C10/C9-1 -> -0.0010160147 | E10: =Silverbees!I10+Goldbees!I187+Giltbees!I184+Bankbees!I187+ITbees!I187+Healthy!I79+Hangseng!I187+Nasdaq!I169 -> -7.7196428e-05 | F10: =Silverbees!K10+Goldbees!K187+Giltbees!K184+Bankbees!K187+ITbees!K187+Healthy!K79+Hangseng!K187+Nasdaq!K169 -> -0.020479849 | H10: Average Monthly Rolling Returns | I10: =AVERAGE(F2:F1060) -> 0.014120812
B11: 44610 | C11: 17276.301 | D11: =C11/C10-1 -> -0.0016353356 | E11: =Silverbees!I11+Goldbees!I188+Giltbees!I185+Bankbees!I188+ITbees!I188+Healthy!I80+Hangseng!I188+Nasdaq!I170 -> -0.0019240063 | F11: =Silverbees!K11+Goldbees!K188+Giltbees!K185+Bankbees!K188+ITbees!K188+Healthy!K80+Hangseng!K188+Nasdaq!K170 -> -0.010789515
B12: 44613 | C12: 17206.65 | D12: =C12/C11-1 -> -0.004031557 | E12: =Silverbees!I12+Goldbees!I189+Giltbees!I186+Bankbees!I189+ITbees!I189+Healthy!I81+Hangseng!I189+Nasdaq!I171 -> -0.008709768 | F12: =Silverbees!K12+Goldbees!K189+Giltbees!K186+Bankbees!K189+ITbees!K189+Healthy!K81+Hangseng!K189+Nasdaq!K171 -> -0.0074529092 | H12: Positive Months | I12: =COUNTIF(F2:F1060,">0")/COUNT(F2:F1060) -> 0.69216242
B13: 44614 | C13: 17092.199 | D13: =C13/C12-1 -> -0.0066515661 | E13: =Silverbees!I13+Goldbees!I190+Giltbees!I187+Bankbees!I190+ITbees!I190+Healthy!I82+Hangseng!I190+Nasdaq!I172 -> -0.0060101931 | F13: =Silverbees!K13+Goldbees!K190+Giltbees!K187+Bankbees!K190+ITbees!K190+Healthy!K82+Hangseng!K190+Nasdaq!K172 -> -0.0050311841
B14: 44615 | C14: 17063.25 | D14: =C14/C13-1 -> -0.0016937094 | E14: =Silverbees!I14+Goldbees!I191+Giltbees!I188+Bankbees!I191+ITbees!I191+Healthy!I83+Hangseng!I191+Nasdaq!I173 -> 0.0031492075 | F14: =Silverbees!K14+Goldbees!K191+Giltbees!K188+Bankbees!K191+ITbees!K191+Healthy!K83+Hangseng!K191+Nasdaq!K173 -> -0.0042789962 | H14: Negative Months | I14: =COUNTIF(F2:F1062,"<0")/COUNT(F2:F1062) -> 0.3072573
B15: 44616 | C15: 16247.95 | D15: =C15/C14-1 -> -0.047781038 | E15: =Silverbees!I15+Goldbees!I192+Giltbees!I189+Bankbees!I192+ITbees!I192+Healthy!I84+Hangseng!I192+Nasdaq!I174 -> -0.015891698 | F15: =Silverbees!K15+Goldbees!K192+Giltbees!K189+Bankbees!K192+ITbees!K192+Healthy!K84+Hangseng!K192+Nasdaq!K174 -> -0.0030377411
B16: 44617 | C16: 16658.4 | D16: =C16/C15-1 -> 0.02526166 | E16: =Silverbees!I16+Goldbees!I193+Giltbees!I190+Bankbees!I193+ITbees!I193+Healthy!I85+Hangseng!I193+Nasdaq!I175 -> 0.0097884432 | F16: =Silverbees!K16+Goldbees!K193+Giltbees!K190+Bankbees!K193+ITbees!K193+Healthy!K85+Hangseng!K193+Nasdaq!K175 -> -0.014496284
B17: 44620 | C17: 16793.9 | D17: =C17/C16-1 -> 0.0081340343 | E17: =Silverbees!I17+Goldbees!I194+Giltbees!I191+Bankbees!I194+ITbees!I194+Healthy!I86+Hangseng!I194+Nasdaq!I176 -> -0.0016530269 | F17: =Silverbees!K17+Goldbees!K194+Giltbees!K191+Bankbees!K194+ITbees!K194+Healthy!K86+Hangseng!K194+Nasdaq!K176 -> -0.009552126
B18: 44622 | C18: 16605.949 | D18: =C18/C17-1 -> -0.011191633 | E18: =Silverbees!I18+Goldbees!I195+Giltbees!I192+Bankbees!I195+ITbees!I195+Healthy!I87+Hangseng!I195+Nasdaq!I177 -> -0.0016817137 | F18: =Silverbees!K18+Goldbees!K195+Giltbees!K192+Bankbees!K195+ITbees!K195+Healthy!K87+Hangseng!K195+Nasdaq!K177 -> 0.00033393292
B19: 44623 | C19: 16498.051 | D19: =C19/C18-1 -> -0.0064975772 | E19: =Silverbees!I19+Goldbees!I196+Giltbees!I193+Bankbees!I196+ITbees!I196+Healthy!I88+Hangseng!I196+Nasdaq!I178 -> -0.0026643881 | F19: =Silverbees!K19+Goldbees!K196+Giltbees!K193+Bankbees!K196+ITbees!K196+Healthy!K88+Hangseng!K196+Nasdaq!K178 -> -0.002640468
B20: 44624 | C20: 16245.35 | D20: =C20/C19-1 -> -0.015317032 | E20: =Silverbees!I20+Goldbees!I197+Giltbees!I194+Bankbees!I197+ITbees!I197+Healthy!I89+Hangseng!I197+Nasdaq!I179 -> -0.0065022282 | F20: =Silverbees!K20+Goldbees!K197+Giltbees!K194+Bankbees!K197+ITbees!K197+Healthy!K89+Hangseng!K197+Nasdaq!K179 -> -0.010995442
B21: 44627 | C21: 15863.15 | D21: =C21/C20-1 -> -0.023526685 | E21: =Silverbees!I21+Goldbees!I198+Giltbees!I195+Bankbees!I198+ITbees!I198+Healthy!I90+Hangseng!I198+Nasdaq!I180 -> -0.0038196854 | F21: =Silverbees!K21+Goldbees!K198+Giltbees!K195+Bankbees!K198+ITbees!K198+Healthy!K90+Hangseng!K198+Nasdaq!K180 -> -0.020216364
B22: 44628 | C22: 16013.45 | D22: =C22/C21-1 -> 0.0094747765 | E22: =Silverbees!I22+Goldbees!I199+Giltbees!I196+Bankbees!I199+ITbees!I199+Healthy!I91+Hangseng!I199+Nasdaq!I181 -> 0.00082686706 | F22: =Silverbees!K22+Goldbees!K199+Giltbees!K196+Bankbees!K199+ITbees!K199+Healthy!K91+Hangseng!K199+Nasdaq!K181 -> -0.033601551
B23: 44629 | C23: 16345.35 | D23: =C23/C22-1 -> 0.02072629 | E23: =Silverbees!I23+Goldbees!I200+Giltbees!I197+Bankbees!I200+ITbees!I200+Healthy!I92+Hangseng!I200+Nasdaq!I182 -> 0.0095494358 | F23: =Silverbees!K23+Goldbees!K200+Giltbees!K197+Bankbees!K200+ITbees!K200+Healthy!K92+Hangseng!K200+Nasdaq!K182 -> -0.030118206
B24: 44630 | C24: 16594.9 | D24: =C24/C23-1 -> 0.015267387 | E24: =Silverbees!I24+Goldbees!I201+Giltbees!I198+Bankbees!I201+ITbees!I201+Healthy!I93+Hangseng!I201+Nasdaq!I183 -> -0.0025937985 | F24: =Silverbees!K24+Goldbees!K201+Giltbees!K198+Bankbees!K201+ITbees!K201+Healthy!K93+Hangseng!K201+Nasdaq!K183 -> -0.036629277
B25: 44631 | C25: 16630.449 | D25: =C25/C24-1 -> 0.0021421538 | E25: =Silverbees!I25+Goldbees!I202+Giltbees!I199+Bankbees!I202+ITbees!I202+Healthy!I94+Hangseng!I202+Nasdaq!I184 -> 0.007644698 | F25: =Silverbees!K25+Goldbees!K202+Giltbees!K199+Bankbees!K202+ITbees!K202+Healthy!K94+Hangseng!K202+Nasdaq!K184 -> -0.025764764
B26: 44634 | C26: 16871.301 | D26: =C26/C25-1 -> 0.014482565 | E26: =Silverbees!I26+Goldbees!I203+Giltbees!I200+Bankbees!I203+ITbees!I203+Healthy!I95+Hangseng!I203+Nasdaq!I185 -> 0.0020698981 | F26: =Silverbees!K26+Goldbees!K203+Giltbees!K200+Bankbees!K203+ITbees!K203+Healthy!K95+Hangseng!K203+Nasdaq!K185 -> -0.027292646
... B1060: 46160 | C1060: 24031.699 | D1060: =C1060/C1059-1 -> 0.013170643 | E1060: =Silverbees!I1060+Goldbees!I1237+Giltbees!I1234+Bankbees!I1237+ITbees!I1237+Healthy!I1129+Hangseng!I1237+Nasdaq!I1219 -> 0.0030906534 | F1060: =Silverbees!K1060+Goldbees!K1237+Giltbees!K1234+Bankbees!K1237+ITbees!K1237+Healthy!K1129+Hangseng!K1237+Nasdaq!K1219 -> 0.060950581
B1061: 46161 | F1061: =Silverbees!K1061+Goldbees!K1238+Giltbees!K1235+Bankbees!K1238+ITbees!K1238+Healthy!K1130+Hangseng!K1238+Nasdaq!K1220 -> 0.036774821
B1062: 46162 | F1062: =Silverbees!K1062+Goldbees!K1239+Giltbees!K1236+Bankbees!K1239+ITbees!K1239+Healthy!K1131+Hangseng!K1239+Nasdaq!K1221 -> 0.028631243
B1063: 46163 | F1063: =Silverbees!K1063+Goldbees!K1240+Giltbees!K1237+Bankbees!K1240+ITbees!K1240+Healthy!K1132+Hangseng!K1240+Nasdaq!K1222 -> 0.024814435
B1064: 46164 | F1064: =Silverbees!K1064+Goldbees!K1241+Giltbees!K1238+Bankbees!K1241+ITbees!K1241+Healthy!K1133+Hangseng!K1241+Nasdaq!K1223 -> 0.031843786
B1065: 46167 | F1065: =Silverbees!K1065+Goldbees!K1242+Giltbees!K1239+Bankbees!K1242+ITbees!K1242+Healthy!K1134+Hangseng!K1242+Nasdaq!K1224 -> 0.025141048

Sheet Monthly Rolling Chart

Sheet Scenario
B2: Investment | C2: =100000 -> 100000
B3: Date | C3: ='Portfolio Returns'!B2 -> 44599
B4: Instrument | C4: Weightage | D4: Rate | E4: Units
B5: ='Portfolio Details'!B5 -> Goldbees | C5: ='Portfolio Details'!D5 -> 0.2 | D5: =Goldbees!E179 -> 41.63 | E5: =ROUNDDOWN($C$2*C5/D5,0) -> 480
B6: ='Portfolio Details'!B6 -> Silverbees | C6: ='Portfolio Details'!D6 -> 0.05 | D6: =Silverbees!E2 -> 61.77 | E6: =ROUNDDOWN($C$2*C6/D6,0) -> 80
B7: ='Portfolio Details'!B7 -> Giltbees | C7: ='Portfolio Details'!D7 -> 0.05 | D7: =Giltbees!E176 -> 49.12 | E7: =ROUNDDOWN($C$2*C7/D7,0) -> 101
B8: ='Portfolio Details'!B8 -> Bankbees | C8: ='Portfolio Details'!D8 -> 0.2 | D8: =Bankbees!E179 -> 383.06 | E8: =ROUNDDOWN($C$2*C8/D8,0) -> 52
B9: ='Portfolio Details'!B9 -> Hangseng | C9: ='Portfolio Details'!D9 -> 0.15772307 | D9: =Hangseng!E179 -> 309.6 | E9: =ROUNDDOWN($C$2*C9/D9,0) -> 50
B10: ='Portfolio Details'!B10 -> Nasdaq | C10: ='Portfolio Details'!D10 -> 0.092276932 | D10: =Nasdaq!E179 -> 104.29 | E10: =ROUNDDOWN($C$2*C10/D10,0) -> 88
B11: ='Portfolio Details'!B11 -> Itbees | C11: ='Portfolio Details'!D11 -> 0.05 | D11: =ITbees!E185 -> 35.69 | E11: =ROUNDDOWN($C$2*C11/D11,0) -> 140
B12: ='Portfolio Details'!B12 -> Healthy | C12: ='Portfolio Details'!D12 -> 0.2 | D12: =Healthy!E71 -> 8.37 | E12: =ROUNDDOWN($C$2*C12/D12,0) -> 2389
D13: Total | E13: =SUM(D5*E5,D6*E6,D7*E7,D8*E8,D9*E9,D10*E10,D11*E11,D12*E12) -> 99454.29
B15: Date | C15: ='Portfolio Returns'!B1065 -> 46167
B16: Instrument | C16: Weightage | D16: Rate | E16: Units
B17: Goldbees | C17: 0.2 | D17: =Goldbees!E1242 -> 130.51 | E17: 480
B18: Silverbees | C18: 0.05 | D18: =Silverbees!E1065 -> 256.03 | E18: 80
B19: Giltbees | C19: 0.05 | D19: 49.12 | E19: 101
B20: Bankbees | C20: 0.2 | D20: =Bankbees!E1242 -> 571.02 | E20: 52
B21: Hangseng | C21: 0.15772307 | D21: =Hangseng!E1242 -> 536.43 | E21: 50
B22: Nasdaq | C22: 0.092276932 | D22: =Nasdaq!E1224 -> 330.7 | E22: 88
B23: Itbees | C23: 0.05 | D23: =ITbees!E1242 -> 32.15 | E23: 140
B24: Healthy | C24: 0.2 | D24: =Healthy!E1134 -> 16.17 | E24: 2389
D25: Total | E25: =SUM(D17*E17,D18*E18,D19*E19,D20*E20,D21*E21,D22*E22,D23*E23,D24*E24) -> 216835.59
